# Lang et al. (2020), ApJ 897, 122, Table D1: tabulated rotation curves of the 67 galaxies (doi:10.3847/1538-4357/ab9953),
# machine-readable file apjab9953t6_mrt.txt with the galaxy names in lower case.
# Columns: ID, R [kpc], V_rot [km/s], upper uncertainty of V_rot [km/s], lower uncertainty of V_rot [km/s]
# The uncertainties are the 16th and 84th percentiles of 100 rotation curve realizations (Section 3.3.2 of the paper).
# The rows of each galaxy are sorted by radius; the published file lists the 9.125 kpc row of ngc6744 first.
ic1954    0.1250   7.4240   4.9608  8.9393
ic1954    0.2750  41.3497   2.8063  7.5237
ic1954    0.4250  62.9111   3.0384  3.2530
ic1954    0.5750  74.9463   3.2241  5.0359
ic1954    0.7250  79.9845   2.4903  3.7464
ic1954    0.8750  79.6802   2.2632  1.5800
ic1954    1.0250  80.3314   2.2699  3.1084
ic1954    1.1750  80.4898   3.3932  2.3243
ic1954    1.3250  80.7291   2.1158  0.9244
ic1954    1.4750  86.6917   1.8269  1.4083
ic1954    1.6250  94.8541   1.4266  1.0067
ic1954    1.7750 102.8160   1.1389  1.6916
ic1954    1.9250 108.5210   2.0098  1.5370
ic1954    2.0750 109.7030   0.7132  0.4706
ic1954    2.2250 111.6370   1.0392  1.9488
ic1954    2.3750 112.3430   1.5754  1.7062
ic1954    2.5250 111.3600   0.8383  1.7382
ic1954    2.6750 111.2190   0.4293  0.9202
ic1954    2.8250 112.5750   1.1998  0.7997
ic1954    2.9750 113.3100   2.5166  1.2101
ic1954    3.1250 113.5920   1.5509  1.1772
ic1954    3.2750 114.6890   0.7713  0.6573
ic1954    3.4250 115.0070   0.8517  0.8790
ic1954    3.5750 118.5950   1.2132  1.1953
ic1954    3.7250 121.2100   0.9873  1.3232
ic1954    3.8750 123.0370   1.0128  0.9849
ic1954    4.0250 125.1080   0.8608  0.8766
ic1954    4.1750 125.9480   0.8510  1.2545
ic1954    4.3250 126.2060   0.8852  0.8816
ic1954    4.4750 127.4720   0.8370  0.6033
ic1954    4.6250 128.8880   1.0706  0.8083
ic1954    4.7750 130.6430   0.9491  0.9942
ic1954    4.9250 132.0580   1.7579  1.8526
ic1954    5.0750 131.9540   4.7090  2.6802
ic1954    5.2250 132.5300   3.9018  4.8833
ic5273    0.1250  14.3970   0.9994  2.5495
ic5273    0.2750  26.3612   1.3205  2.0876
ic5273    0.4250  33.7236   2.5495  1.7836
ic5273    0.5750  39.1073   3.2859  4.2636
ic5273    0.7250  45.3433   6.0363  6.1649
ic5273    0.8750  46.7024   3.2039  2.2799
ic5273    1.0250  58.9911   4.1840  2.8025
ic5273    1.1750  71.0698   2.1138  3.8035
ic5273    1.3250  75.0375   1.9283  2.2676
ic5273    1.4750  80.6159   2.8496  2.6891
ic5273    1.6250  88.4097   3.0605  2.6304
ic5273    1.7750  95.0515   2.2741  2.5056
ic5273    1.9250  95.7841   2.2928  2.3159
ic5273    2.0750  98.3932   3.0173  2.5722
ic5273    2.2250 102.1190   3.5791  2.9925
ic5273    2.3750 107.1100   3.3306  3.3682
ic5273    2.5250 110.9150   2.5550  2.9640
ic5273    2.6750 111.0420   2.7140  2.4586
ic5273    2.8250 109.3160   2.7171  1.9564
ic5273    2.9750 108.0500   1.6180  2.2929
ic5273    3.1250 108.8850   2.6325  1.9777
ic5273    3.2750 108.7360   3.0456  2.9822
ic5273    3.4250 111.8080   3.6185  3.7113
ic5273    3.5750 116.3130   4.1605  3.8816
ic5273    3.7250 117.7660   3.4845  4.3046
ic5273    3.8750 117.2260   4.0966  3.7778
ic5273    4.0250 117.7420   3.8967  4.7048
ic5273    4.1750 121.1940   4.2355  4.5400
ic5273    4.3250 120.4030   4.4963  4.4859
ic5273    4.4750 122.2630   4.7041  5.7022
ic5273    4.6250 122.9990   5.5828  4.4256
ic5273    4.7750 126.8540   7.0686  4.6598
ic5273    4.9250 131.1350   7.4680  4.9474
ngc0628   0.1250  81.0962  68.9788 20.6451
ngc0628   0.2750  89.2204  58.8356 26.6222
ngc0628   0.4250  91.3769  70.7758 23.4493
ngc0628   0.5750  79.6811  59.0208 18.6276
ngc0628   0.7250  62.1668  48.2737 17.2570
ngc0628   0.8750  61.8786  54.9388 16.9892
ngc0628   1.0250  82.3485  56.6636 22.9560
ngc0628   1.1750  88.4639  67.4436 23.0862
ngc0628   1.3250 100.4930  67.6802 26.2172
ngc0628   1.4750 104.2680  78.6568 26.6704
ngc0628   1.6250 113.0200  81.1083 29.7341
ngc0628   1.7750 113.3660  81.3381 29.6893
ngc0628   1.9250 116.2180  79.6101 31.2035
ngc0628   2.0750 114.9760  84.0641 28.7286
ngc0628   2.2250 115.2750  75.4370 28.4689
ngc0628   2.3750 106.7410  83.2402 25.3130
ngc0628   2.5250 111.2060  80.4695 27.6944
ngc0628   2.6750 114.7920  75.3015 30.2169
ngc0628   2.8250 110.7260  85.7504 28.5677
ngc0628   2.9750 114.9930  89.5283 29.4674
ngc0628   3.1250 121.3810  88.7328 30.5881
ngc0628   3.2750 123.6530  81.9686 30.5104
ngc0628   3.4250 125.0640  89.4501 30.8975
ngc0628   3.5750 129.3660  92.8900 32.7324
ngc0628   3.7250 136.8700  99.9742 34.1182
ngc0628   3.8750 138.7910 104.0082 35.8313
ngc0628   4.0250 137.1960  96.7159 34.4520
ngc0628   4.1750 136.6820  99.7263 33.4494
ngc0628   4.3250 135.9340 103.0482 33.0029
ngc0628   4.4750 140.2100 105.0647 34.7088
ngc0628   4.6250 143.1670  96.8455 37.4066
ngc0628   4.7750 137.9710  99.0652 34.0846
ngc0628   4.9250 140.4890 107.8302 34.2292
ngc0628   5.0750 145.6350 104.5265 36.9578
ngc0628   5.2250 140.7710 105.6084 34.6208
ngc0628   5.3750 141.5520 101.8395 35.4311
ngc0628   5.5250 140.1250 102.5087 35.0431
ngc0628   5.6750 141.1850 112.0225 32.2914
ngc0628   5.8250 150.6690 115.9144 35.5447
ngc0628   5.9750 149.4030 105.9762 32.9536
ngc0628   6.1250 135.2050 104.7616 32.9289
ngc0628   6.2750 140.9990 105.1054 33.0396
ngc0628   6.4250 147.2040 111.0890 38.0125
ngc0685   0.1250  25.1786  78.0834  8.2714
ngc0685   0.2750  34.0877  26.3560  6.5488
ngc0685   0.4250  37.1111  23.6250  5.5631
ngc0685   0.5750  39.6376  33.0443  5.1450
ngc0685   0.7250  55.6971  38.6111  7.2344
ngc0685   0.8750  63.7900  42.6186 10.1278
ngc0685   1.0250  68.1900  49.0872 12.7178
ngc0685   1.1750  74.0124  49.6486 13.2473
ngc0685   1.3250  86.6963  57.7942 14.6457
ngc0685   1.4750  98.8133  69.4142 17.6705
ngc0685   1.6250 110.1700  71.6762 22.5881
ngc0685   1.7750 111.5960  73.7514 21.5222
ngc0685   1.9250 114.3020  75.4277 21.1373
ngc0685   2.0750 119.7440  74.3772 21.8182
ngc0685   2.2250 130.4910  82.2836 25.1585
ngc0685   2.3750 136.8700  86.5157 28.7970
ngc0685   2.5250 141.0350  86.4335 31.2462
ngc0685   2.6750 140.9860  87.8015 27.9312
ngc0685   2.8250 143.6530  85.1980 29.1450
ngc0685   2.9750 141.4110  86.9651 26.2502
ngc0685   3.1250 141.1920  85.6552 26.8865
ngc0685   3.2750 138.8390  89.8448 24.3319
ngc0685   3.4250 144.1250  94.3340 22.9871
ngc0685   3.5750 148.2270  96.8232 22.6623
ngc0685   3.7250 156.0290 103.7059 22.2251
ngc0685   3.8750 166.4420 103.7556 22.9207
ngc0685   4.0250 164.5550  99.7518 24.1560
ngc0685   4.1750 164.9550  96.9308 23.3919
ngc0685   4.3250 167.3280 100.2123 23.9385
ngc0685   4.4750 165.9460  98.7853 22.4645
ngc1087   0.1250  41.7586   6.3856  8.4548
ngc1087   0.2750  67.5936   8.6353  9.3848
ngc1087   0.4250  86.5178   5.6563  9.6578
ngc1087   0.5750  90.0342   5.8350  4.9869
ngc1087   0.7250 101.9890   9.1331  7.9357
ngc1087   0.8750 112.1950  12.4320  8.8582
ngc1087   1.0250 121.0780  11.7070  7.7993
ngc1087   1.1750 128.4380  12.2356  8.3238
ngc1087   1.3250 135.0960  11.2159  8.8133
ngc1087   1.4750 138.8550   9.7540  7.3492
ngc1087   1.6250 139.0050  11.5001  7.3898
ngc1087   1.7750 139.9840  10.6980  7.7790
ngc1087   1.9250 138.1320   8.9262  7.7972
ngc1087   2.0750 140.8320  10.1216  5.8282
ngc1087   2.2250 140.4850   8.7094  5.6444
ngc1087   2.3750 135.4980   6.3802  4.9871
ngc1087   2.5250 132.8580   6.7894  4.8502
ngc1087   2.6750 130.6750   7.8703  6.0116
ngc1087   2.8250 130.8760   8.3336  6.4644
ngc1087   2.9750 134.5910   9.8973  6.0982
ngc1087   3.1250 133.2800   9.7755  7.6076
ngc1087   3.2750 136.7080   9.5246  8.0426
ngc1087   3.4250 140.7490  10.4724  7.7208
ngc1087   3.5750 143.1050  10.5292  7.8123
ngc1087   3.7250 144.8360   9.9946  6.7194
ngc1087   3.8750 144.0760   9.8466  8.0853
ngc1087   4.0250 147.5740  11.1330  8.6411
ngc1087   4.1750 151.5200  12.5777  6.6332
ngc1087   4.3250 148.7810  12.6259  6.7548
ngc1087   4.4750 147.8030  12.6301  6.6706
ngc1087   4.6250 147.3270  13.0041  6.5837
ngc1087   4.7750 146.4120  14.8630  6.4286
ngc1087   4.9250 148.2170  14.4743  9.0569
ngc1097   0.1250 195.6060  35.7530 47.7862
ngc1097   0.2750 255.7620  28.2508 27.8538
ngc1097   0.4250 286.3000  24.9778 23.7117
ngc1097   0.5750 310.5770  20.4283 19.4307
ngc1097   0.7250 313.1380  18.8656 19.8702
ngc1097   0.8750 295.9050  16.5418 15.8638
ngc1097   1.0250 275.7530  16.5547 12.6944
ngc1097   1.1750 244.4110  14.8126 10.1466
ngc1097   1.3250 206.2990   8.1490  8.5658
ngc1097   1.4750 191.4980  10.5311  7.7880
ngc1097   1.6250 183.7740  10.5754  7.6220
ngc1097   1.7750 183.2570  11.7676 11.1735
ngc1097   1.9250 172.9630  20.1230 10.3240
ngc1097   2.0750 163.9110  26.2252 10.8076
ngc1097   2.2250 177.0030  19.4666 20.0294
ngc1097   2.3750 194.0940  19.7186 26.8944
ngc1097   2.5250 197.9810  23.0973 24.4913
ngc1097   2.6750 206.7090  14.3970 26.8208
ngc1097   2.8250 208.7320  14.9343 19.0342
ngc1097   2.9750 211.5930  16.8496 12.2477
ngc1097   3.1250 218.5280  12.6906 15.3728
ngc1097   3.2750 220.0870   7.8242  9.8641
ngc1097   3.4250 217.5100   4.7055  6.3830
ngc1097   3.5750 209.4440   6.9188  3.4458
ngc1097   3.7250 205.8870   7.7496  4.6000
ngc1097   3.8750 204.5390  10.1395  6.3054
ngc1097   4.0250 205.3700  11.8292  7.9437
ngc1097   4.1750 213.3990  12.8100 10.8985
ngc1097   4.3250 215.9940  11.2109 11.8134
ngc1097   4.4750 214.5400  12.9208 10.2120
ngc1097   4.6250 213.0850  13.0614  7.4828
ngc1097   4.7750 212.6980  13.2399  8.1370
ngc1097   4.9250 217.1450  15.4575 10.1364
ngc1097   5.0750 220.7020  17.0119 11.2946
ngc1097   5.2250 223.0250  16.5791 13.6516
ngc1097   5.3750 229.9930  15.2697 15.0613
ngc1097   5.5250 230.9110  15.1221 15.6466
ngc1097   5.6750 233.3510  14.7956 14.9511
ngc1097   5.8250 233.3890  14.6242 13.6917
ngc1097   5.9750 239.4190  12.4686 12.9103
ngc1097   6.1250 242.3260  12.7549 10.2958
ngc1097   6.2750 239.9770  18.4258 10.8202
ngc1097   6.4250 238.9840  22.8706 11.3776
ngc1097   6.5750 245.6230  23.2486 16.8735
ngc1097   6.7250 247.3690  23.0365 16.9656
ngc1097   6.8750 253.3380  23.3774 19.8442
ngc1097   7.0250 262.0970  22.3504 22.8459
ngc1097   7.1750 269.0390  24.7560 22.5474
ngc1097   7.3250 274.1600  26.8973 21.9723
ngc1097   7.4750 277.6490  25.5981 20.9190
ngc1097   7.6250 278.9870  25.8183 20.0030
ngc1097   7.7750 276.6660  28.0306 18.9292
ngc1097   7.9250 276.2250  28.6398 17.5609
ngc1097   8.0750 279.5720  27.8346 16.5294
ngc1097   8.2250 284.5410  29.2597 17.0282
ngc1097   8.3750 285.3550  25.3784 21.4411
ngc1097   8.5250 280.3560  27.9616 17.3216
ngc1097   8.6750 286.1430  25.3373 16.8740
ngc1097   8.8250 289.7750  27.2191 15.8093
ngc1097   8.9750 292.6300  27.9243 17.8130
ngc1097   9.1250 291.5130  25.5607 20.2090
ngc1097   9.2750 290.7380  23.0131 22.1274
ngc1097   9.4250 287.1210  24.0073 20.2275
ngc1097   9.5750 289.6150  24.7816 19.1267
ngc1097   9.7250 292.3470  29.6288 18.3627
ngc1097   9.8750 299.0670  27.5182 20.5818
ngc1097  10.0250 296.1260  28.5359 24.4445
ngc1097  10.1750 292.1540  26.0949 25.5818
ngc1300   0.1250  78.8667  18.3142 29.0606
ngc1300   0.2750 116.8950  29.8052 40.9059
ngc1300   0.4250 160.6940  38.0138 28.1946
ngc1300   0.5750 186.6020  42.8336 27.2664
ngc1300   0.7250 182.2490  37.4794 21.2395
ngc1300   0.8750 176.0980  40.9898 17.3683
ngc1300   1.0250 173.5460  35.4096 23.0162
ngc1300   1.1750 168.7190  39.0936 22.8005
ngc1300   1.3250 151.4170  36.6297 20.9310
ngc1300   1.4750 137.8300  33.9340 18.2000
ngc1300   1.6250 130.3140  38.3697 14.2814
ngc1300   1.7750 127.1820  32.6330 14.4967
ngc1300   1.9250 127.7470  31.7352 14.2252
ngc1300   2.0750 125.3160  30.8736 10.8545
ngc1300   2.2250 115.4960  31.3526 19.1360
ngc1300   7.7750 132.9340  31.0645 18.0624
ngc1300   7.9250 141.2960  30.9778 16.6913
ngc1300   8.0750 147.2400  31.5519 20.0774
ngc1300   8.2250 157.1770  38.5127 20.6236
ngc1300   8.3750 158.4890  37.0452 20.6852
ngc1300   8.5250 168.1870  37.2208 19.5418
ngc1300   8.6750 170.6340  37.0324 19.4480
ngc1300   8.8250 168.9830  37.0075 19.6842
ngc1300   8.9750 175.1010  38.4613 21.8829
ngc1300   9.1250 183.2590  40.4844 23.3980
ngc1300   9.2750 191.4210  40.6912 24.9590
ngc1300   9.4250 192.5190  40.7793 25.6577
ngc1300   9.5750 193.2110  43.6265 23.0822
ngc1300   9.7250 194.9310  49.2780 21.0822
ngc1300   9.8750 198.9240  46.5024 23.1652
ngc1300  10.0250 201.1450  47.3556 23.7410
ngc1300  10.1750 202.4650  44.7718 25.4072
ngc1300  10.3250 203.9150  44.8717 24.3797
ngc1300  10.4750 201.6760  46.3734 25.2356
ngc1300  10.6250 201.9260  48.5166 25.3678
ngc1300  10.7750 205.9820  50.6853 25.2927
ngc1300  10.9250 211.2960  51.5879 23.7054
ngc1300  11.0750 213.4090  52.3504 23.9729
ngc1300  11.2250 213.1010  53.6127 24.5840
ngc1300  11.3750 215.3510  55.5170 27.3278
ngc1300  11.5250 219.3160  54.2241 30.4841
ngc1300  11.6750 223.6400  53.1846 29.8077
ngc1317   0.1250  22.8865  18.3512 16.6741
ngc1317   0.2750  70.9050  46.3645 21.0495
ngc1317   0.4250 160.0430  69.6489 39.5832
ngc1317   0.5750 186.0470  81.7567 39.1847
ngc1317   0.7250 169.1990  63.7887 37.4684
ngc1317   0.8750 158.2640  63.8043 34.0604
ngc1317   1.0250 167.0320  66.6926 33.7249
ngc1317   1.1750 172.4280  67.3583 37.2078
ngc1317   1.3250 165.8870  62.3943 35.2100
ngc1317   1.4750 154.2390  61.1935 32.0861
ngc1317   1.6250 149.8810  62.8804 31.0391
ngc1317   1.7750 147.0350  57.8370 29.9287
ngc1317   1.9250 140.4350  61.0608 21.0979
ngc1317   2.0750 129.5000  55.0272 27.7942
ngc1317   2.2250 127.5820  53.1412 25.1320
ngc1317   2.3750 126.3320  59.7592 25.2636
ngc1317   2.5250 149.0720  80.9368 35.5380
ngc1365   0.1250  95.6176  24.9193 20.9014
ngc1365   0.2750 110.4710  15.3674 22.7884
ngc1365   0.4250 122.7630  13.6134 15.4408
ngc1365   0.5750 125.8020  12.9511 10.8861
ngc1365   0.7250 136.1410  13.2652 11.0128
ngc1365   0.8750 151.7530  10.1991 11.9600
ngc1365   1.0250 164.2410  16.3752 26.7867
ngc1365   1.1750 165.0400  19.0096 29.2488
ngc1365   1.3250 157.3950  15.3642 18.8816
ngc1365   1.4750 147.2980   8.5706 12.5854
ngc1365   1.6250 129.9650  11.6246  7.6231
ngc1365   1.7750 148.6280   9.0996  9.4855
ngc1365   1.9250 141.5540  11.2593 15.2251
ngc1365   2.0750 138.9240  14.3006 10.7755
ngc1365   2.2250 136.3790  21.5855 10.4159
ngc1365   2.3750 146.9830  18.7018 13.8956
ngc1365   2.5250 160.5940  18.6647 16.2653
ngc1365   2.6750 169.7710  21.6355 18.2239
ngc1365   2.8250 173.9950  22.1303 18.6951
ngc1365   2.9750 185.8120  23.3787 18.5264
ngc1365   3.1250 203.6860  20.1795 22.4103
ngc1365   3.2750 231.1550  18.1295 24.0535
ngc1365   3.4250 249.4220  16.6822 20.1538
ngc1365   3.5750 246.9950  12.3580 19.3245
ngc1385   0.1250  17.3374   8.2342  7.7464
ngc1385   0.2750  36.6582  13.2544 12.3587
ngc1385   0.4250  52.3863   8.9898 12.0286
ngc1385   0.5750  70.7701   9.9907  9.5164
ngc1385   0.7250  80.3862  12.2422  7.8038
ngc1385   0.8750  84.7397  12.4538  9.8348
ngc1385   1.0250  95.2339  14.8139  9.8186
ngc1385   1.1750 104.6690  15.8796 12.4359
ngc1385   1.3250 113.9710  14.5327 15.2372
ngc1385   1.4750 118.6290  15.3806 13.8120
ngc1385   1.6250 117.7190  14.9994 15.7772
ngc1385   1.7750 121.3460  14.2477 11.9823
ngc1385   1.9250 123.4090  15.9520 11.2503
ngc1385   2.0750 124.9500  15.3913 11.6018
ngc1385   2.2250 126.2600  15.0739 12.9141
ngc1385   2.3750 127.9460  16.9570 12.8914
ngc1385   2.5250 127.0970  15.2260 13.8263
ngc1385   2.6750 127.4590  14.1867 10.3355
ngc1385   2.8250 124.4350  13.9088  9.0220
ngc1385   2.9750 116.6610  14.2322  8.5292
ngc1385   3.1250 114.4550  17.3814  8.4851
ngc1385   3.2750 114.3150  15.7765  8.6516
ngc1385   3.4250 119.9110  11.8248 11.3760
ngc1385   3.5750 121.9280  14.4759 10.5349
ngc1385   3.7250 121.8660  14.8203  9.5658
ngc1385   3.8750 126.2740  13.6562  8.4572
ngc1385   4.0250 124.2690  16.2332  8.4257
ngc1385   4.1750 121.2750  16.7186  9.0293
ngc1385   4.3250 122.0020  16.5151 11.7394
ngc1385   4.4750 123.1890  19.0238 11.4813
ngc1385   4.6250 127.7640  19.1280 13.2189
ngc1385   4.7750 132.8770  19.2174 14.1640
ngc1385   4.9250 136.3400  17.4243 15.0900
ngc1385   5.0750 138.1480  14.6113 16.4968
ngc1385   5.2250 138.8450  13.7721 14.1030
ngc1385   5.3750 139.4290  11.1827 12.0089
ngc1385   5.5250 133.8880  10.6911  8.0228
ngc1385   5.6750 128.7960  13.8444  6.8574
ngc1385   5.8250 127.1530  16.6576  6.0576
ngc1385   5.9750 130.4070  15.2841  8.6526
ngc1385   6.1250 131.7150  16.9727  9.1992
ngc1385   6.2750 129.2920  15.1718 11.2680
ngc1385   6.4250 124.5630  18.3879  8.6339
ngc1385   6.5750 124.4070  16.4424  8.5127
ngc1385   6.7250 122.7790  16.1652  8.9627
ngc1385   6.8750 120.2800  17.4888  7.3665
ngc1385   7.0250 116.5660  16.9828  7.8378
ngc1385   7.1750 118.8350  17.9225  7.6584
ngc1385   7.3250 118.7470  17.1072 11.0634
ngc1433   0.1250  37.3428  12.1296 20.8357
ngc1433   0.2750  49.3336  15.3294 12.6613
ngc1433   0.4250  62.3472  14.3741 12.9210
ngc1433   0.5750  99.6351  24.0997 17.2584
ngc1433   0.7250 131.4210  32.2978 22.0465
ngc1433   0.8750 148.4760  30.3312 24.4118
ngc1433   1.0250 142.7510  31.3991 19.1308
ngc1433   1.1750 157.8040  40.6384 19.6264
ngc1433   1.3250 149.1410  28.4930 19.9744
ngc1433   1.4750 142.9550  28.4166 18.0766
ngc1433   1.6250 135.1530  29.9854 15.6999
ngc1433   1.7750 145.7620  32.3027 17.1382
ngc1433   1.9250 165.1160  34.1636 27.2900
ngc1433   2.0750 159.1370  32.9491 26.1836
ngc1433   5.2250 197.3910  43.5123 26.3258
ngc1433   5.3750 190.8160  40.9595 25.9172
ngc1433   5.5250 191.6780  42.0042 25.5568
ngc1433   5.6750 194.2530  42.6328 28.2698
ngc1433   5.8250 195.2200  44.4042 28.2502
ngc1433   5.9750 197.8960  43.9842 29.3809
ngc1433   6.1250 194.0550  41.3382 26.6461
ngc1433   6.2750 190.0240  39.4370 23.9809
ngc1433   6.4250 188.9950  39.9654 25.9202
ngc1433   6.5750 194.2070  43.2789 28.4058
ngc1511   0.1250  -0.3649   2.7671  2.5517
ngc1511   0.2750  14.1298   2.6190 13.1284
ngc1511   0.4250  23.2310   6.0572 16.3165
ngc1511   0.5750  30.1337   7.1934  7.2270
ngc1511   0.7250  39.3309   2.9944  4.6416
ngc1511   0.8750  48.0223   3.7839  7.8829
ngc1511   1.0250  50.5787   7.7551  4.5618
ngc1511   1.1750  65.6748   3.5897  5.0160
ngc1511   1.3250  76.1291   2.5651  5.0293
ngc1511   1.4750  82.6956   3.0334  4.8279
ngc1511   1.6250  86.8449   2.5987  4.3969
ngc1511   1.7750  90.5960   2.1990  4.1068
ngc1511   1.9250  93.1360   1.7786  2.4211
ngc1511   2.0750  98.4677   2.2894  2.1154
ngc1511   2.2250 101.0430   1.5777  2.0251
ngc1511   2.3750 100.9160   2.2119  1.2178
ngc1511   2.5250  98.1229   5.6578  2.0128
ngc1511   2.6750 102.9730   6.7486  1.6687
ngc1511   2.8250 110.0100   5.8704  3.0872
ngc1511   2.9750 115.5610   6.5046  3.1440
ngc1511   3.1250 125.2300   2.8550  4.5490
ngc1511   3.2750 133.5410   3.1090  3.3893
ngc1511   3.4250 140.8140   2.9291  5.0044
ngc1511   3.5750 142.2870   2.9155  3.0310
ngc1511   3.7250 142.9350   2.7452  3.3362
ngc1511   3.8750 142.6910   2.3182  2.3916
ngc1511   4.0250 147.6870   2.7791  2.7637
ngc1511   4.1750 147.7610   3.3335  4.0281
ngc1512   0.1250  73.1959  11.4379 14.3566
ngc1512   0.2750 109.9050  14.4564 13.2401
ngc1512   0.4250 138.5070  16.0708 14.2241
ngc1512   0.5750 159.7320  23.2333 15.3635
ngc1512   0.7250 166.1140  20.7656 17.3607
ngc1512   0.8750 178.4840  17.2454 17.5758
ngc1512   1.0250 177.0260  21.8762 16.8712
ngc1512   1.1750 176.6350  13.2400 13.1396
ngc1512   1.3250 148.4020  18.5358  8.4490
ngc1512   4.9250 161.1730  17.9206 13.8055
ngc1512   5.0750 162.0980  20.2584 13.4673
ngc1512   5.2250 163.9970  18.8002 13.9830
ngc1512   5.3750 163.7090  19.8379 12.6840
ngc1512   5.5250 163.6230  19.0103 12.3976
ngc1512   5.6750 167.2460  20.8354 13.2727
ngc1512   5.8250 169.3540  21.2317 13.8139
ngc1512   5.9750 172.1500  23.2324 14.1940
ngc1512   6.1250 172.1630  23.2959 15.7112
ngc1512   6.2750 174.3750  25.6703 15.6974
ngc1512   6.4250 180.4820  25.7636 19.0348
ngc1512   6.5750 184.5050  27.2176 18.4043
ngc1512   6.7250 187.6840  24.5083 16.5540
ngc1512   6.8750 188.6180  22.4590 15.7987
ngc1512   7.0250 184.2370  20.3900 18.3202
ngc1512   7.1750 182.8560  21.9219 14.6209
ngc1512   7.3250 182.1680  20.3455 16.2634
ngc1546   0.1250  43.8906   8.0026  6.8810
ngc1546   0.2750  71.5925   4.6728  8.0265
ngc1546   0.4250  95.5847   3.4132  6.6119
ngc1546   0.5750 116.3290   3.9013  6.1211
ngc1546   0.7250 128.4100   3.3765  5.6899
ngc1546   0.8750 134.1760   1.7450  4.9887
ngc1546   1.0250 140.5690   2.0678  2.9860
ngc1546   1.1750 147.2890   1.3235  1.6276
ngc1546   1.3250 152.0880   1.3075  2.1510
ngc1546   1.4750 154.9120   2.4630  1.9067
ngc1546   1.6250 158.1570   1.7650  1.9763
ngc1546   1.7750 161.9240   1.9852  2.3960
ngc1546   1.9250 163.1470   2.3006  2.5093
ngc1546   2.0750 162.3160   1.8364  2.8621
ngc1546   2.2250 161.5190   2.2608  1.7324
ngc1546   2.3750 160.4670   1.0741  0.7836
ngc1546   2.5250 162.1420   1.4891  1.1764
ngc1546   2.6750 164.2520   0.9209  1.8779
ngc1546   2.8250 165.2630   0.7352  1.4126
ngc1546   2.9750 166.6360   0.6946  1.4843
ngc1546   3.1250 167.1640   0.8611  1.2725
ngc1546   3.2750 167.6360   1.0552  1.0850
ngc1546   3.4250 167.1440   0.8616  0.9829
ngc1546   3.5750 166.4410   0.6158  0.9948
ngc1546   3.7250 165.8960   1.1254  0.9022
ngc1546   3.8750 165.6750   1.9720  1.0247
ngc1559   0.1250  -2.1652   5.3161  2.8237
ngc1559   0.2750  13.4781   4.6719  6.1069
ngc1559   0.4250  32.4878   7.2270  9.5249
ngc1559   0.5750  38.5255   7.8643  7.7423
ngc1559   0.7250  37.6451   5.0782  8.1547
ngc1559   0.8750  35.4940   5.8319  3.6470
ngc1559   1.0250  38.6113   3.6020  5.3665
ngc1559   1.1750  43.2391   4.9766  4.4974
ngc1559   1.3250  46.7131   3.3340  5.6108
ngc1559   1.4750  52.7514   4.7666  4.3332
ngc1559   1.6250  60.1291   6.4247  4.6782
ngc1559   1.7750  63.8557   4.3334  4.6795
ngc1559   1.9250  65.9002   4.1825  3.9499
ngc1559   2.0750  70.0049   4.7014  3.6082
ngc1559   2.2250  77.5644   3.7270  5.2959
ngc1559   2.3750  80.5297   5.5436  5.0135
ngc1559   2.5250  81.7453   6.2204  4.1635
ngc1559   2.6750  84.6342   6.9755  3.6298
ngc1559   2.8250  87.8616   8.0044  3.7196
ngc1559   2.9750  91.4018   9.5101  3.6941
ngc1559   3.1250  95.3568  10.2421  4.4947
ngc1559   3.2750  97.9683  10.7429  6.1449
ngc1559   3.4250  99.7611  11.6864  6.8593
ngc1559   3.5750 103.6610  11.7816  8.5744
ngc1559   3.7250 107.9820  12.4492  9.0646
ngc1559   3.8750 112.4740  12.3526  8.0226
ngc1559   4.0250 118.3310  11.0980  8.7560
ngc1559   4.1750 123.5420   7.0926 10.6512
ngc1559   4.3250 129.1170   5.0044 10.7073
ngc1559   4.4750 130.2470   4.6705  9.7711
ngc1559   4.6250 134.5040   5.5393  7.9280
ngc1559   4.7750 138.0550   5.5313  4.8074
ngc1559   4.9250 143.7690   4.2369  4.5321
ngc1559   5.0750 144.6820   4.1869  3.3362
ngc1559   5.2250 146.0370   3.2970  3.1792
ngc1559   5.3750 144.8070   3.7266  3.3727
ngc1559   5.5250 144.1050   4.2525  3.8890
ngc1559   5.6750 143.3430   5.0023  4.8094
ngc1559   5.8250 144.2900   5.6349  4.3797
ngc1559   5.9750 144.2410   6.6594  4.3007
ngc1559   6.1250 143.5550   6.9069  4.7289
ngc1559   6.2750 142.4520   8.0581  4.2046
ngc1559   6.4250 149.0230   7.7928  4.5881
ngc1566   0.1250 145.0030  66.0853 49.7284
ngc1566   0.2750 226.5100  95.2407 56.6180
ngc1566   0.4250 241.1080 103.0468 65.2846
ngc1566   0.5750 216.9920 100.9784 56.2208
ngc1566   0.7250 203.9840  86.8134 49.9516
ngc1566   0.8750 212.0190  94.6927 52.7781
ngc1566   1.0250 199.4750  86.9507 48.0414
ngc1566   1.1750 179.4040  76.1987 35.9188
ngc1566   1.3250 171.5150  69.7601 33.6457
ngc1566   1.4750 163.6700  74.0252 33.8259
ngc1566   1.6250 157.3300  75.5064 38.5883
ngc1566   1.7750 163.3060  81.1624 42.8729
ngc1566   1.9250 168.2170  84.8081 45.6529
ngc1566   2.0750 169.2700  85.6164 45.4546
ngc1566   2.2250 179.2300  92.0276 54.4326
ngc1566   2.3750 189.4330 100.8384 56.6920
ngc1566   2.5250 202.9540 106.8911 59.2671
ngc1566   2.6750 215.5920 102.2954 59.0216
ngc1566   2.8250 224.1100  80.4839 61.3709
ngc1566   2.9750 230.1370  84.3879 63.1979
ngc1566   3.1250 242.8570  83.7618 64.0872
ngc1566   3.2750 251.8300  87.8074 69.7852
ngc1566   3.4250 262.6170  85.8872 73.4602
ngc1566   3.5750 264.9920  84.8933 73.7086
ngc1566   3.7250 265.6330  86.5254 73.4849
ngc1566   3.8750 268.3290  86.1220 77.1384
ngc1566   4.0250 264.1580  79.1958 75.6540
ngc1566   4.1750 257.8900  75.9312 67.3706
ngc1566   4.3250 252.6470  77.2783 60.5600
ngc1566   4.4750 242.0990  75.2680 59.2317
ngc1566   4.6250 241.5130  79.1770 60.0324
ngc1566   4.7750 240.7650  73.8665 58.2357
ngc1566   4.9250 239.0510  83.2692 59.6168
ngc1566   5.0750 240.3870  75.6514 55.9433
ngc1566   5.2250 232.6940  80.7972 48.3642
ngc1566   5.3750 226.0570  91.7422 47.5794
ngc1566   5.5250 226.4790  93.2496 47.6829
ngc1566   5.6750 227.5200  89.9400 47.6382
ngc1566   5.8250 223.5300  75.9368 49.7380
ngc1566   5.9750 226.6820  89.8087 48.3330
ngc1566   6.1250 226.3770  81.7811 47.5836
ngc1566   6.2750 223.2950  87.8734 47.6628
ngc1566   6.4250 224.7850  79.9123 47.9691
ngc1566   6.5750 219.3170  82.3464 49.5738
ngc1566   6.7250 216.6710  82.8061 46.3671
ngc1566   6.8750 214.0810  93.8811 43.5865
ngc1566   7.0250 209.5130  94.7076 45.0718
ngc1566   7.1750 209.5330  90.4587 43.5809
ngc1566   7.3250 205.9110  86.2344 43.7226
ngc1566   7.4750 208.0920  91.6860 41.5546
ngc1566   7.6250 196.8460  89.6971 39.2147
ngc1566   7.7750 192.1350  92.9324 38.2268
ngc1566   7.9250 192.5580  96.4172 43.4705
ngc1566   8.0750 195.0580  95.6743 47.6745
ngc1566   8.2250 199.0090  93.0473 51.3233
ngc1566   8.3750 202.8600  90.5225 55.3731
ngc1566   8.5250 204.2140  92.2316 56.4678
ngc1566   8.6750 202.1290  92.6128 54.8416
ngc1566   8.8250 199.2490  95.2164 50.3698
ngc1566   8.9750 196.7800  94.7361 51.9441
ngc1566   9.1250 199.2120  96.5239 52.5413
ngc1566   9.2750 200.5060  98.0871 54.1461
ngc1566   9.4250 201.2450 101.7058 52.8392
ngc1566   9.5750 202.1080  99.7976 51.3086
ngc1672   0.1250 161.2820  30.8433 41.2686
ngc1672   0.2750 147.9620  29.9328 16.8038
ngc1672   0.4250 134.5560  25.6465 14.4770
ngc1672   0.5750  92.4865   9.9648  6.4033
ngc1672   0.7250  66.3477  11.2848  3.6063
ngc1672   0.8750  70.2323  24.5839 10.5740
ngc1672   1.0250  85.8132  22.8425 13.7858
ngc1672   1.1750  94.2011  19.7464 12.9104
ngc1672   1.3250  98.6305  18.4986 12.6311
ngc1672   1.4750  99.3678  18.6593  9.4431
ngc1672   1.6250 100.4950  24.9980  7.9332
ngc1672   1.7750 109.1210  26.1037 11.1377
ngc1672   1.9250 115.0640  22.4739 12.1392
ngc1672   2.0750 116.0120  24.1599 15.2546
ngc1672   2.2250 120.2380  25.3250 15.1216
ngc1672   2.3750 124.1280  17.2434 14.3786
ngc1672   2.5250 119.8450  14.9190  8.3589
ngc1672   2.6750 112.2410  20.0662  3.2066
ngc1672   2.8250 113.8530  17.4336  7.8989
ngc1672   2.9750 112.9010  22.1044 10.6245
ngc1672   3.1250 112.3870  24.6575 13.0352
ngc1672   3.2750 115.2830  28.1927 14.2314
ngc1672   3.4250 124.1250  28.3532 14.9620
ngc1672   3.5750 123.2060  25.4408 15.3076
ngc1672   3.7250 126.7500  26.9413 16.4503
ngc1672   3.8750 130.1840  26.8280 20.1459
ngc1672   4.0250 132.9200  26.9090 19.3297
ngc1672   4.1750 136.7140  29.5080 16.1156
ngc1672   4.3250 140.7600  30.9763 15.7317
ngc1672   4.4750 145.8940  28.7704 17.3524
ngc1672   4.6250 142.2670  33.2523 17.5293
ngc1792   0.1250  58.9205  11.7026 17.6183
ngc1792   0.2750  82.3204  10.3108 15.1225
ngc1792   0.4250  84.8712   2.7683  8.2772
ngc1792   0.5750  87.1853   1.8102  4.4237
ngc1792   0.7250  88.4355   1.8480  2.5757
ngc1792   0.8750  86.4074   2.2148  2.7356
ngc1792   1.0250  88.6630   4.1257  4.3598
ngc1792   1.1750  92.3740   4.5552  4.1287
ngc1792   1.3250  95.9571   2.9877  4.2317
ngc1792   1.4750  93.3032   2.1931  2.4316
ngc1792   1.6250  94.1567   3.9765  3.6150
ngc1792   1.7750  97.8437   5.5177  4.7645
ngc1792   1.9250 105.9890   5.7309  5.5081
ngc1792   2.0750 113.1940   8.2567  5.5116
ngc1792   2.2250 124.9520  10.8128  6.0484
ngc1792   2.3750 135.6910   9.8148  7.3578
ngc1792   2.5250 144.0710   6.9432  6.9599
ngc1792   2.6750 146.8080   5.8664  6.2946
ngc1792   2.8250 150.4180   4.8013  5.0016
ngc1792   2.9750 154.5280   4.8320  4.9287
ngc1792   3.1250 156.3070   3.0697  4.2188
ngc1792   3.2750 156.1400   4.2239  3.3338
ngc1792   3.4250 159.0900   1.5875  2.9370
ngc1792   3.5750 156.2520   2.7400  1.9775
ngc1792   3.7250 157.8370   3.4496  3.5460
ngc1792   3.8750 158.5240   1.9167  3.8388
ngc1792   4.0250 158.6350   1.4404  2.2294
ngc1792   4.1750 155.9730   1.1690  1.6734
ngc1792   4.3250 155.5590   1.7127  1.9116
ngc1792   4.4750 155.8590   1.7461  1.8767
ngc1792   4.6250 153.2990   1.6297  1.0988
ngc1792   4.7750 151.9690   1.8872  1.5062
ngc1792   4.9250 150.2410   1.5723  1.0475
ngc1792   5.0750 151.0640   1.1876  1.0480
ngc1792   5.2250 149.1930   2.9898  0.9379
ngc1792   5.3750 150.8020   3.2211  2.5532
ngc1792   5.5250 155.0070   2.6150  2.9237
ngc1792   5.6750 158.8530   4.0339  2.2633
ngc1792   5.8250 163.3560   2.9570  2.4330
ngc1792   5.9750 165.4690   1.6859  1.4872
ngc1792   6.1250 164.7770   2.2391  1.5213
ngc1792   6.2750 165.9540   1.8318  1.7824
ngc1792   6.4250 169.0060   2.1134  1.6003
ngc1792   6.5750 170.6910   3.0562  1.3499
ngc1792   6.7250 174.1260   2.7296  1.9410
ngc1792   6.8750 175.6910   2.5920  3.2586
ngc1792   7.0250 174.3950   2.1148  3.5247
ngc1792   7.1750 173.1920   3.3932  3.6018
ngc1809   0.1250  25.9439   6.8818  6.4249
ngc1809   0.2750  29.7730   8.1292  5.6715
ngc1809   0.4250  29.2734  12.6464  6.3253
ngc1809   0.5750  40.2856   7.7921  5.7433
ngc1809   0.7250  42.9303  11.2300  5.6733
ngc1809   0.8750  48.8036  16.2151  4.4869
ngc1809   1.0250  51.9802  21.7106  6.7224
ngc1809   1.1750  64.1688  29.0453  7.9531
ngc1809   1.3250  77.8701  34.8086 10.7380
ngc1809   1.4750  79.8480  29.1362  8.7382
ngc1809   1.6250  80.1503  15.7387  6.2085
ngc2090   0.1250  24.6608   9.7509  9.5808
ngc2090   0.2750  63.7206  11.8192 12.1433
ngc2090   0.4250  97.9666   4.5585  6.2369
ngc2090   0.5750 111.5040   2.4971  5.2159
ngc2090   0.7250 112.7830   1.4251  1.8169
ngc2090   0.8750 118.3530   1.7247  0.9351
ngc2090   1.0250 130.1250   0.8736  0.7593
ngc2090   1.1750 142.0740   0.8352  2.1658
ngc2090   1.3250 147.5910   0.9054  2.2272
ngc2090   1.4750 147.8320   0.9045  2.0373
ngc2090   1.6250 147.2820   0.6329  1.3038
ngc2090   1.7750 146.0870   0.7673  0.1786
ngc2090   1.9250 147.1630   0.6401  0.3118
ngc2090   2.0750 151.0720   0.3328  0.2292
ngc2090   2.2250 156.0890   0.3663  0.5834
ngc2090   2.3750 159.2110   0.6061  0.6092
ngc2090   2.5250 159.8590   1.4227  0.7632
ngc2090   2.6750 161.0690   0.5465  0.4870
ngc2090   2.8250 161.4790   0.4515  0.9920
ngc2090   2.9750 162.4780   0.7686  0.5155
ngc2090   3.1250 163.5110   1.3150  1.2382
ngc2090   3.2750 163.7500   1.5310  1.0552
ngc2090   3.4250 162.1780   1.5037  0.8814
ngc2090   3.5750 162.9410   1.3722  0.9212
ngc2090   3.7250 163.5000   1.6797  2.1432
ngc2283   0.1250  13.7190   3.1955  8.4937
ngc2283   0.2750  31.5980   3.7075  3.1639
ngc2283   0.4250  51.8837   4.5550  2.9685
ngc2283   0.5750  70.7693   5.7801  3.6930
ngc2283   0.7250  90.2331   5.0100  5.2051
ngc2283   0.8750  99.1708   5.4147  4.4461
ngc2283   1.0250 102.0200   6.3624  4.1058
ngc2283   1.1750 103.1480   7.7572  4.0267
ngc2283   1.3250 107.1380   6.6016  4.6102
ngc2283   1.4750 108.7310   4.5536  3.8981
ngc2283   1.6250 107.0380   2.0019  3.2191
ngc2283   1.7750  94.0488   3.6186  2.7236
ngc2283   1.9250  93.5362   5.4115  2.0459
ngc2283   2.0750  91.1488   6.3314  3.9896
ngc2283   2.2250  97.2470   7.1049  4.2218
ngc2283   2.3750  95.7774   5.5808  4.2476
ngc2283   2.5250  92.2228   6.6813  3.0942
ngc2283   2.6750  97.2310   6.7790  4.3152
ngc2283   2.8250 100.8610   6.7828  4.3278
ngc2283   2.9750 101.6980   7.3984  4.0946
ngc2283   3.1250 105.8330   9.2020  5.0296
ngc2283   3.2750 108.3360   7.7804  4.9614
ngc2566   0.1250  77.4393  18.6386 24.9979
ngc2566   0.2750  97.4484  20.5694 46.0071
ngc2566   0.4250 105.3500  26.6175 50.7740
ngc2566   0.5750 124.4380  28.6564 52.0634
ngc2566   0.7250 130.0010  18.9695 48.6633
ngc2566   0.8750 121.5450  19.9698 42.8904
ngc2566   1.0250 124.0220  20.0018 40.1251
ngc2566   1.1750 134.3440  26.1810 33.8000
ngc2566   1.3250 172.9130  33.7646 36.4470
ngc2566   1.4750 177.0570  58.7670 43.2846
ngc2566   1.6250 166.8030  71.5110 43.2664
ngc2566   1.7750 158.5870  74.3006 45.8915
ngc2566   1.9250 161.2110  79.7156 48.9914
ngc2566   4.4750 178.2100  33.2523 47.5806
ngc2566   4.6250 174.6250  21.8518 49.8709
ngc2566   4.7750 165.9710  20.6220 45.6045
ngc2566   4.9250 161.8930  22.2519 41.3031
ngc2566   5.0750 159.5100  21.1001 34.5540
ngc2566   5.2250 155.2390  19.9273 34.0495
ngc2566   5.3750 154.8030  16.9277 34.3573
ngc2566   5.5250 154.4380  26.2225 25.6784
ngc2566   5.6750 158.1500  31.0567 26.4859
ngc2566   5.8250 155.9070  32.8757 30.5070
ngc2566   5.9750 159.2280  40.3960 31.7776
ngc2775   2.5250 291.1660   2.7616  3.8239
ngc2775   2.6750 291.0510   3.4490  3.3539
ngc2775   2.8250 292.2380   2.5264  3.1534
ngc2775   2.9750 294.6880   2.7370  3.3018
ngc2775   3.1250 297.6340   2.9879  3.5662
ngc2775   3.2750 300.4130   2.8802  3.2412
ngc2775   3.4250 303.4050   2.9257  3.0602
ngc2775   3.5750 305.3660   2.5348  3.3978
ngc2775   3.7250 306.0570   2.9052  3.1606
ngc2775   3.8750 306.5130   2.9937  4.1422
ngc2775   4.0250 307.5490   3.1204  3.5850
ngc2775   4.1750 307.6590   3.5653  3.3915
ngc2775   4.3250 306.9550   3.4813  2.4444
ngc2775   4.4750 307.4730   3.5727  2.6697
ngc2775   4.6250 305.9570   3.8185  3.1754
ngc2775   4.7750 305.6930   3.6335  2.7965
ngc2775   4.9250 306.8870   3.7388  2.8370
ngc2775   5.0750 309.1290   3.1136  4.2206
ngc2835   0.1250  47.2714  12.3751 17.7167
ngc2835   0.2750  63.2782   6.1792  6.4635
ngc2835   0.4250  66.4137   5.5918  6.4903
ngc2835   0.5750  75.4167   7.1035  5.5385
ngc2835   0.7250  83.8677   6.0226  5.6952
ngc2835   0.8750  87.7673   7.2113  7.2643
ngc2835   1.0250  94.5639   7.7596  7.2277
ngc2835   1.1750  98.6062   6.9212  7.2491
ngc2835   1.3250  97.8377   7.7816  6.1762
ngc2835   1.4750  97.3412   7.5056  6.7238
ngc2835   1.6250  96.6609   7.2194  7.3205
ngc2835   1.7750 100.4170   8.8503  8.2403
ngc2835   1.9250 104.7820  10.1887  7.4554
ngc2835   2.0750 108.9520   7.3849  9.8795
ngc2835   2.2250 115.6530   9.1016  9.1921
ngc2835   2.3750 121.9860  10.7964  9.3542
ngc2835   2.5250 125.6720  12.0000  9.3270
ngc2835   2.6750 129.3220  11.7874 10.4128
ngc2903   0.1250  76.6466  13.4815 27.9288
ngc2903   0.2750  92.9040   8.7018 10.4543
ngc2903   0.4250  65.1922   8.9102  7.2737
ngc2903   0.5750  66.6696  11.3219  7.6246
ngc2903   0.7250  77.8386   9.3814 13.3801
ngc2903   0.8750  81.0167   6.8237  6.2009
ngc2903   1.0250  80.0748   7.7841  8.2371
ngc2903   1.1750  86.3754   5.8749  5.0787
ngc2903   1.3250  93.4791   5.9260  7.6322
ngc2903   1.4750  99.6464   6.3344  9.8366
ngc2903   1.6250  93.9198   3.0833  4.1712
ngc2903   1.7750  90.8903   4.6570  2.9761
ngc2903   1.9250 100.6050   3.6660  3.3552
ngc2903   2.0750 117.4820   3.6074  5.3458
ngc2903   2.2250 127.8550   4.9289  3.3338
ngc2903   2.3750 133.4660   5.9609  4.3276
ngc2903   2.5250 145.1260   6.2649  5.9264
ngc2903   2.6750 161.1390   5.4725  5.8590
ngc2903   2.8250 177.5260   4.4975  5.0874
ngc2903   2.9750 184.2430   2.3745  3.8212
ngc2903   3.1250 185.3050   3.0488  3.3250
ngc2903   3.2750 193.9640   2.6997  3.2068
ngc2903   3.4250 198.2910   1.7466  2.2587
ngc2903   3.5750 200.3660   1.1890  0.9747
ngc2903   3.7250 204.9400   1.1313  1.4762
ngc2903   3.8750 208.1780   0.6636  1.7125
ngc2903   4.0250 208.9330   0.8347  1.2493
ngc2903   4.1750 209.2740   1.2389  1.3811
ngc2903   4.3250 209.2520   2.0266  1.2137
ngc2903   4.4750 211.9330   1.5003  1.1263
ngc2903   4.6250 214.4150   1.4973  1.1192
ngc2903   4.7750 213.4800   1.7723  1.2728
ngc2903   4.9250 213.3310   1.4309  1.6118
ngc2903   5.0750 214.0550   1.9133  0.8764
ngc2903   5.2250 214.9530   1.8174  1.5951
ngc2903   5.3750 213.9910   2.6792  1.4291
ngc2903   5.5250 217.6550   2.5739  1.6936
ngc2903   5.6750 218.6970   2.5651  3.4021
ngc2997   0.1250 104.5660  23.6945 21.0855
ngc2997   0.2750 135.8830  31.5195 21.9010
ngc2997   0.4250 134.0230  38.3560 16.2471
ngc2997   0.5750 160.5700  45.3347 18.7719
ngc2997   0.7250 185.1880  49.7805 21.6686
ngc2997   0.8750 205.6070  58.1249 25.3905
ngc2997   1.0250 202.3420  52.9150 23.1584
ngc2997   1.1750 210.0950  53.8167 25.8685
ngc2997   1.3250 210.6810  48.5832 26.1433
ngc2997   1.4750 186.3050  44.7010 15.9044
ngc2997   1.6250 179.8790  44.6998 19.7613
ngc2997   1.7750 175.4280  41.4037 19.9069
ngc2997   1.9250 174.3940  40.6258 20.0436
ngc2997   2.0750 170.5050  42.1579 16.2411
ngc2997   2.2250 169.4930  45.0912 16.8304
ngc2997   2.3750 174.5990  50.3137 18.7845
ngc2997   2.5250 181.0370  52.9107 21.4336
ngc2997   2.6750 190.5850  54.3483 24.9284
ngc2997   2.8250 197.8210  52.7985 26.9204
ngc2997   2.9750 202.6560  54.3550 25.8102
ngc2997   3.1250 207.6490  52.0618 25.6544
ngc2997   3.2750 213.4990  52.9384 24.5022
ngc2997   3.4250 211.0870  53.4238 23.2806
ngc2997   3.5750 213.2670  54.2831 23.3675
ngc2997   3.7250 214.3900  51.8627 26.5610
ngc2997   3.8750 212.6450  53.2942 25.0327
ngc2997   4.0250 210.1740  55.8224 20.9528
ngc2997   4.1750 209.5630  52.9066 22.4312
ngc2997   4.3250 209.4510  49.1074 23.8943
ngc2997   4.4750 207.2950  45.1639 21.6304
ngc2997   4.6250 206.5810  47.0040 19.5640
ngc2997   4.7750 203.7850  47.3849 18.5510
ngc2997   4.9250 201.0540  47.9092 18.0288
ngc2997   5.0750 195.8770  45.1279 16.3913
ngc2997   5.2250 193.0330  46.3352 19.1600
ngc2997   5.3750 194.5120  49.1525 20.2911
ngc2997   5.5250 198.2260  48.6835 22.7229
ngc2997   5.6750 200.1270  48.1735 21.5383
ngc2997   5.8250 202.2440  50.3834 21.0876
ngc2997   5.9750 202.8010  52.4570 21.3322
ngc2997   6.1250 203.7620  52.1424 21.9111
ngc2997   6.2750 205.4920  53.1480 23.5093
ngc2997   6.4250 207.5580  54.6594 24.4044
ngc2997   6.5750 209.9640  55.0646 25.9226
ngc2997   6.7250 212.5210  56.6789 24.1647
ngc2997   6.8750 213.2320  56.7587 21.8377
ngc2997   7.0250 214.8800  55.3750 22.9103
ngc2997   7.1750 213.3830  54.1075 22.4481
ngc2997   7.3250 216.2090  54.2346 22.0611
ngc2997   7.4750 215.7610  55.4650 22.1094
ngc2997   7.6250 218.5530  54.2136 22.2817
ngc2997   7.7750 219.4290  48.8337 23.3019
ngc2997   7.9250 218.0080  49.1052 20.5016
ngc2997   8.0750 215.1180  51.9586 17.6652
ngc2997   8.2250 215.3920  50.1003 14.7260
ngc2997   8.3750 216.2770  41.9622 17.6044
ngc2997   8.5250 208.0720  49.1520 17.0218
ngc2997   8.6750 210.3830  58.3354 16.1282
ngc2997   8.8250 218.9820  60.8039 18.6654
ngc3059   0.1250  35.3062  13.0196 14.6439
ngc3059   0.2750  48.8467  18.8326 10.4112
ngc3059   0.4250  57.6627  16.4404 14.7455
ngc3059   0.5750  63.7695  24.6175 12.7340
ngc3059   0.7250  61.0640  25.5879 11.7388
ngc3059   0.8750  64.2484  33.1840  9.2467
ngc3059   1.0250  83.3993  38.1880 16.9836
ngc3059   1.1750  93.1179  36.3889 17.7399
ngc3059   1.3250  97.2159  40.0458 17.4965
ngc3059   1.4750 102.9210  37.2722 22.4644
ngc3059   1.6250 105.4570  39.8238 23.8339
ngc3059   1.7750 105.9500  39.3536 22.9637
ngc3059   1.9250 110.2600  38.4826 19.4809
ngc3059   2.0750 107.0130  44.4001 15.6436
ngc3059   2.2250 107.2740  44.4884 18.5901
ngc3059   2.3750 104.5570  39.0916 18.2002
ngc3059   2.5250 102.3440  41.1361 19.2122
ngc3059   2.6750 110.4070  41.4422 20.9034
ngc3059   2.8250 113.3480  43.4324 20.7100
ngc3059   2.9750 111.0050  42.8721 17.5319
ngc3059   3.1250 110.4240  44.1143 16.9100
ngc3059   3.2750 112.0870  43.8546 19.0155
ngc3059   3.4250 116.3350  45.4355 18.9859
ngc3059   3.5750 119.6210  44.6471 19.9924
ngc3059   3.7250 121.9570  43.6139 18.3547
ngc3059   3.8750 117.8330  43.4117 16.0035
ngc3059   4.0250 122.8400  47.1047 18.0175
ngc3059   4.1750 124.7810  44.3909 20.2652
ngc3059   4.3250 123.7370  47.6367 19.8959
ngc3059   4.4750 126.4950  48.1201 20.1781
ngc3059   4.6250 130.8950  51.5427 20.2256
ngc3059   4.7750 137.1780  52.7363 18.9591
ngc3059   4.9250 135.1820  49.4415 17.2731
ngc3059   5.0750 133.6440  45.9521 16.3148
ngc3059   5.2250 130.3270  44.9922 15.0389
ngc3059   5.3750 125.9880  46.7543 14.1313
ngc3059   5.5250 125.7170  47.8653 13.5909
ngc3059   5.6750 126.9560  46.6276 17.5264
ngc3059   5.8250 128.7200  45.8199 17.7036
ngc3059   5.9750 127.8950  47.4925 17.4243
ngc3059   6.1250 128.5380  50.1135 19.2812
ngc3059   6.2750 132.2450  52.9051 19.0499
ngc3059   6.4250 135.2420  49.4518 22.3828
ngc3059   6.5750 135.2490  62.0171 22.3935
ngc3059   6.7250 139.2790  70.7198 24.0438
ngc3137   0.1250  28.1656  10.9241 10.5019
ngc3137   0.2750  28.4984   4.7140  6.4023
ngc3137   0.4250  39.1180   1.6036  4.4776
ngc3137   0.5750  45.3043   1.4887  1.9689
ngc3137   0.7250  54.1682   1.3911  2.5729
ngc3137   0.8750  61.0916   0.7001  1.5141
ngc3137   1.0250  68.5336   1.9156  2.1324
ngc3137   1.1750  74.0668   2.0013  1.7327
ngc3137   1.3250  78.9116   1.5584  1.3920
ngc3137   1.4750  82.2973   1.2305  2.2774
ngc3137   1.6250  85.1112   1.2252  1.5848
ngc3137   1.7750  85.7470   2.2049  1.5268
ngc3137   1.9250  88.5968   2.4354  2.8454
ngc3137   2.0750  91.5269   1.5335  2.9956
ngc3137   2.2250  94.3162   2.4646  1.9280
ngc3137   2.3750  97.0625   2.0944  1.8479
ngc3137   2.5250  99.5978   1.7680  1.8341
ngc3137   2.6750 100.7860   1.3486  0.9990
ngc3137   2.8250 102.1460   1.9802  1.7271
ngc3137   2.9750 106.9130   1.2312  1.6879
ngc3137   3.1250 111.0180   0.9670  0.9036
ngc3137   3.2750 112.3280   0.9911  1.1206
ngc3137   3.4250 115.1610   1.0060  2.1879
ngc3137   3.5750 115.2450   1.4816  2.1545
ngc3137   3.7250 112.8900   2.2216  3.2127
ngc3137   3.8750 110.8060   3.1810  3.7166
ngc3137   4.0250 110.9540   3.0315  2.9488
ngc3137   4.1750 110.1110   4.2400  2.9409
ngc3137   4.3250 110.8060   2.5930  3.8879
ngc3137   4.4750 111.4590   2.4300  1.2016
ngc3137   4.6250 114.5960   1.4224  1.2197
ngc3137   4.7750 117.2640   2.2385  3.6118
ngc3137   4.9250 110.0610   2.8330  4.4339
ngc3351   0.1250 103.6850  15.9562 21.3650
ngc3351   0.2750 123.2890  10.5522 11.8893
ngc3351   0.4250 127.2700  11.5845 10.4958
ngc3351   0.5750 120.9400  14.5128 11.1413
ngc3351   0.7250 130.8870  13.0338  9.9564
ngc3351   0.8750 131.0460  11.5701 15.6799
ngc3351   1.0250 129.5030  10.1701  9.5873
ngc3351   2.3750 198.4560  18.3609 15.7913
ngc3351   2.5250 199.5480  17.6036 12.6871
ngc3351   2.6750 198.2280  17.6281 11.6815
ngc3351   2.8250 197.1240  17.3943 13.3016
ngc3351   2.9750 197.4680  16.9803 12.9448
ngc3351   3.1250 199.9010  16.5631 12.9945
ngc3351   3.2750 200.2650  17.8453 11.3730
ngc3351   3.4250 200.0790  17.7252 11.2654
ngc3351   3.5750 201.8110  18.7206 11.4412
ngc3351   3.7250 203.9220  16.4206 11.3816
ngc3351   3.8750 201.9900  14.7454 10.9475
ngc3351   4.0250 202.4520  12.9142  9.0574
ngc3507   0.1250   9.2849  44.7625 19.6851
ngc3507   0.2750  66.6530  46.0280 19.8117
ngc3507   0.4250 105.7760  63.5484 39.2872
ngc3507   0.5750 120.0150  60.1240 32.5795
ngc3507   0.7250 102.0190  63.3535 38.1970
ngc3507   0.8750  97.1115  72.7197 31.4121
ngc3507   1.0250 117.6930  88.8670 35.9441
ngc3507   1.1750 148.8340  78.9711 52.8034
ngc3507   1.3250 155.0010  88.6150 51.4954
ngc3507   1.4750 167.5660  92.5809 53.9813
ngc3507   1.6250 175.7900  86.4651 55.6971
ngc3507   1.7750 164.1660  92.3290 55.1640
ngc3507   1.9250 164.1210  98.9087 49.2114
ngc3507   2.0750 161.9010  93.8587 49.2900
ngc3507   2.2250 161.7300  90.5498 50.1821
ngc3507   2.3750 162.7620  93.1283 48.0980
ngc3507   2.5250 161.3210  93.0157 44.8394
ngc3507   2.6750 157.4330  95.4053 43.0688
ngc3507   2.8250 151.7840  91.3503 47.7254
ngc3507   2.9750 150.2750  91.8625 49.2403
ngc3507   3.1250 151.2300  92.3698 50.8082
ngc3507   3.2750 151.1670  93.1790 51.6684
ngc3507   3.4250 154.9090  93.0640 52.1376
ngc3507   3.5750 155.2050  95.8287 53.1459
ngc3507   3.7250 157.2910  96.6525 53.5357
ngc3507   3.8750 159.8130  96.6627 54.3496
ngc3507   4.0250 158.7080  97.6375 54.6094
ngc3507   4.1750 160.1070  94.8087 53.0165
ngc3507   4.3250 160.2980  95.3042 55.6421
ngc3507   4.4750 162.0480  99.5097 55.6541
ngc3507   4.6250 166.7600  97.8484 51.6884
ngc3507   4.7750 169.1060  96.0870 53.1186
ngc3507   4.9250 167.9280  96.7766 53.5592
ngc3507   5.0750 170.9350  99.4004 55.2734
ngc3507   5.2250 176.2370  98.5197 56.5625
ngc3507   5.3750 179.1260  99.9182 57.4096
ngc3507   5.5250 181.3010  98.3886 59.0094
ngc3507   5.6750 182.9510  93.8525 56.2581
ngc3507   5.8250 187.4000  93.6856 55.5816
ngc3507   5.9750 188.2230  93.8057 55.8020
ngc3507   6.1250 188.7290 105.2298 50.6534
ngc3511   0.1250  45.9487   8.2362 10.3341
ngc3511   0.2750  72.3871   4.8885  7.7387
ngc3511   0.4250  83.5670   2.8607  5.0639
ngc3511   0.5750  92.7013   2.3352  3.8472
ngc3511   0.7250 101.5300   1.5050  2.8253
ngc3511   0.8750 107.3100   2.1434  4.2107
ngc3511   1.0250 105.4230   3.4662  3.2603
ngc3511   1.1750 102.5880   3.4019  2.2252
ngc3511   1.3250  97.5674   3.2047  2.4186
ngc3511   1.4750  98.3419   2.9384  2.3974
ngc3511   1.6250  98.6966   2.1134  2.0591
ngc3511   1.7750  98.8176   2.1678  2.0406
ngc3511   1.9250 102.7130   1.7323  1.9544
ngc3511   2.0750 108.0960   1.9900  1.4598
ngc3511   2.2250 110.7560   1.6666  2.0070
ngc3511   2.3750 111.6000   2.2282  1.6841
ngc3511   2.5250 113.5260   2.4302  1.7416
ngc3511   2.6750 117.3170   2.5486  3.0851
ngc3511   2.8250 117.8370   3.2452  2.0518
ngc3511   2.9750 118.5040   2.3028  2.8938
ngc3511   3.1250 120.8990   3.0164  3.6562
ngc3511   3.2750 120.2090   3.8986  2.6906
ngc3511   3.4250 121.1570   3.6539  2.7335
ngc3511   3.5750 122.5270   3.4921  2.1716
ngc3511   3.7250 124.2910   2.7850  2.1481
ngc3511   3.8750 123.6640   2.4043  2.5503
ngc3511   4.0250 126.0100   2.0050  1.7252
ngc3511   4.1750 128.8390   1.3250  0.8258
ngc3511   4.3250 131.8230   0.9666  0.7435
ngc3511   4.4750 134.6720   0.7272  0.8747
ngc3511   4.6250 139.0860   0.8465  1.2459
ngc3511   4.7750 142.3390   1.6641  1.4892
ngc3511   4.9250 144.1310   1.8975  2.0166
ngc3511   5.0750 146.2390   1.8857  2.1874
ngc3511   5.2250 145.9930   3.6951  1.5870
ngc3511   5.3750 145.3050   4.2737  1.9854
ngc3511   5.5250 148.6690   3.6332  1.7925
ngc3521   0.1250  52.4195  13.1654  5.1118
ngc3521   0.2750  98.8788   8.4386  3.9935
ngc3521   0.4250 155.4410   8.9836  7.3373
ngc3521   0.5750 172.0180   4.1757  5.8017
ngc3521   0.7250 181.2860   3.7477  3.1924
ngc3521   0.8750 182.3650   0.5855  2.0786
ngc3521   1.0250 187.6880   1.0346  2.4803
ngc3521   1.1750 189.2700   1.0878  2.5344
ngc3521   1.3250 192.1690   0.8675  0.8970
ngc3521   1.4750 199.6380   1.5386  2.1659
ngc3521   1.6250 201.6140   1.5655  2.1858
ngc3521   1.7750 201.2240   0.6313  0.5775
ngc3521   1.9250 202.4480   0.4965  0.7020
ngc3521   2.0750 205.3500   0.5446  0.5642
ngc3521   2.2250 209.4300   0.5364  0.6461
ngc3521   2.3750 214.8460   0.6012  1.3862
ngc3521   2.5250 216.2490   1.8066  1.6639
ngc3521   2.6750 217.8310   1.7502  1.6210
ngc3521   2.8250 219.1590   2.1690  1.7093
ngc3521   2.9750 220.5750   1.1997  1.3560
ngc3521   3.1250 222.5300   0.9011  0.7455
ngc3521   3.2750 224.3120   0.8230  1.3620
ngc3521   3.4250 225.1460   0.6966  0.6432
ngc3521   3.5750 227.3910   1.4143  1.6744
ngc3521   3.7250 229.0300   1.3944  1.9975
ngc3521   3.8750 227.6190   1.2717  1.3482
ngc3521   4.0250 225.0260   0.6868  0.7106
ngc3521   4.1750 223.7980   0.5718  0.8988
ngc3521   4.3250 222.6170   1.0322  1.4040
ngc3521   4.4750 221.4070   1.3307  1.5104
ngc3521   4.6250 222.0730   0.9029  0.6362
ngc3521   4.7750 222.4150   0.8593  0.5846
ngc3521   4.9250 222.5420   0.9690  0.7916
ngc3521   5.0750 224.1620   0.6446  0.6923
ngc3521   5.2250 226.1580   0.8375  1.0582
ngc3521   5.3750 228.5750   0.8409  0.8296
ngc3521   5.5250 231.1090   0.8470  1.2621
ngc3521   5.6750 231.1960   1.5134  0.9078
ngc3521   5.8250 232.4940   1.1760  0.6963
ngc3521   5.9750 232.8490   0.6584  0.8380
ngc3521   6.1250 232.2000   0.5513  0.6852
ngc3521   6.2750 232.9150   0.4055  0.3546
ngc3521   6.4250 233.9030   0.5010  0.7646
ngc3521   6.5750 234.4940   0.4990  0.5822
ngc3521   6.7250 233.9430   1.1366  0.5738
ngc3521   6.8750 233.2050   1.2411  1.1669
ngc3521   7.0250 232.3150   0.8754  0.8136
ngc3521   7.1750 231.6110   0.7866  0.8269
ngc3521   7.3250 232.2740   1.0142  0.5359
ngc3521   7.4750 232.0990   0.7681  1.0656
ngc3521   7.6250 231.3930   0.9098  1.0142
ngc3521   7.7750 229.7160   0.8349  0.8131
ngc3521   7.9250 229.2030   1.5937  1.1113
ngc3521   8.0750 230.7430   0.9741  0.9365
ngc3521   8.2250 232.1660   0.8734  1.2449
ngc3521   8.3750 232.3590   1.4488  0.9073
ngc3521   8.5250 230.2970   1.6520  1.7198
ngc3521   8.6750 230.0950   1.0559  0.8109
ngc3521   8.8250 231.7390   1.5614  0.9003
ngc3521   8.9750 234.3190   3.4512  1.9702
ngc3596   0.1250  60.2880  37.5337 13.9656
ngc3596   0.2750  75.5590  47.3898 20.1092
ngc3596   0.4250  85.8791  56.2415 18.9356
ngc3596   0.5750  84.8771  51.2550 20.7746
ngc3596   0.7250  86.6980  55.1036 21.8584
ngc3596   0.8750  97.4353  64.0001 23.1583
ngc3596   1.0250 111.3350  70.2024 29.2172
ngc3596   1.1750 113.8820  73.9149 29.2459
ngc3596   1.3250 119.7410  81.5478 29.2498
ngc3596   1.4750 124.4670  73.1186 30.5639
ngc3596   1.6250 131.1630  77.3385 31.5675
ngc3596   1.7750 135.5370  80.4383 31.9758
ngc3596   1.9250 137.5560  83.6489 32.8104
ngc3596   2.0750 140.1190  83.0787 33.9659
ngc3596   2.2250 140.7300  79.7985 34.2760
ngc3596   2.3750 142.1520  80.2815 32.6106
ngc3596   2.5250 144.1370  83.1783 32.7961
ngc3596   2.6750 144.2820  80.3045 32.9981
ngc3621   0.1250  18.1506   8.0171  6.9201
ngc3621   0.2750  40.3897   5.7851  7.2584
ngc3621   0.4250  61.1385   1.4865  2.7617
ngc3621   0.5750  71.0804   0.5819  1.5644
ngc3621   0.7250  73.9535   0.4203  0.9252
ngc3621   0.8750  75.8121   1.0231  1.5010
ngc3621   1.0250  80.1156   0.7093  1.4215
ngc3621   1.1750  80.7324   1.2717  1.5450
ngc3621   1.3250  82.6776   0.7883  1.0122
ngc3621   1.4750  84.2940   0.7816  0.5574
ngc3621   1.6250  88.3551   1.1262  1.0747
ngc3621   1.7750  92.3519   1.5765  1.3088
ngc3621   1.9250  97.3271   1.6944  2.2826
ngc3621   2.0750 104.9080   1.4986  2.5535
ngc3621   2.2250 109.9580   0.9352  1.0400
ngc3621   2.3750 112.2510   1.5425  0.4182
ngc3621   2.5250 114.7310   1.4815  1.0227
ngc3621   2.6750 115.3460   1.0774  0.6373
ngc3621   2.8250 117.5130   0.9201  0.6142
ngc3621   2.9750 122.7790   0.9627  0.7116
ngc3621   3.1250 125.5140   0.4455  0.3710
ngc3621   3.2750 127.2360   0.6866  1.1104
ngc3621   3.4250 127.2010   0.9920  0.8072
ngc3621   3.5750 126.9530   0.7846  0.5780
ngc3621   3.7250 125.1250   0.6206  0.7734
ngc3621   3.8750 126.6240   0.9968  0.8570
ngc3621   4.0250 126.2060   0.6376  1.2611
ngc3621   4.1750 127.8640   1.0413  1.0771
ngc3621   4.3250 130.0780   0.7276  1.0240
ngc3621   4.4750 133.3690   0.7852  1.2916
ngc3621   4.6250 133.6030   0.8667  0.7659
ngc3621   4.7750 135.4580   0.8348  1.7758
ngc3626   0.1250 136.9400  35.8963 50.5647
ngc3626   0.2750 173.9340  20.4260 41.9866
ngc3626   0.4250 186.3280  24.7676 24.9251
ngc3626   0.5750 207.9070  26.7486 22.8606
ngc3626   0.7250 220.7690  20.5358 17.4846
ngc3626   0.8750 228.1580  17.6934 16.7165
ngc3626   1.0250 233.7520  18.4152 15.3324
ngc3626   1.1750 234.4490  21.9555 15.0293
ngc3626   1.3250 232.7930  25.0118 14.6609
ngc3626   1.4750 237.4670  24.1528 14.2355
ngc3626   1.6250 241.6690  22.3622 14.2552
ngc3626   1.7750 241.1620  25.3098 14.4328
ngc3627   0.1250 107.9310  16.8453 23.4935
ngc3627   0.2750 134.3560  15.8663 22.7323
ngc3627   0.4250 104.1660   3.0754  3.1098
ngc3627   0.5750 100.0670   6.7878  5.2555
ngc3627   0.7250 106.3660   6.0288  7.2135
ngc3627   0.8750 115.3550   5.3166  8.3607
ngc3627   1.0250 120.6170   9.5607  6.6962
ngc3627   1.1750 130.2160   4.6905  6.0190
ngc3627   1.3250 136.4190   3.7911  4.7535
ngc3627   1.4750 153.2870   3.5885  5.0373
ngc3627   1.6250 155.9100   4.9514  4.3177
ngc3627   1.7750 150.3330   5.8990  6.5356
ngc3627   1.9250 162.5960   4.0723  5.1577
ngc3627   2.0750 170.9080   5.0551  7.0068
ngc3627   2.2250 170.7400   3.2912  4.4673
ngc3627   2.3750 176.9980   2.4136  3.2336
ngc3627   2.5250 180.5990   2.2887  2.2202
ngc3627   2.6750 177.7020   3.0836  3.6124
ngc3627   2.8250 181.3620   3.7507  4.2280
ngc3627   2.9750 188.4070   3.4216  4.1658
ngc3627   3.1250 191.5190   3.2392  3.4750
ngc3627   3.2750 195.2150   4.6449  4.1484
ngc3627   3.4250 201.7420   3.7944  4.9682
ngc3627   3.5750 208.5780   4.3576  6.3746
ngc3627   3.7250 211.7640   3.6426  5.8620
ngc3627   3.8750 211.0730   3.6386  5.0145
ngc3627   4.0250 216.6830   3.1095  4.4092
ngc3627   4.1750 212.1130   2.8101  3.9270
ngc3627   4.3250 206.2490   3.5720  3.5122
ngc3627   4.4750 207.6230   3.9026  4.8448
ngc3627   4.6250 203.5140   1.9035  3.5441
ngc3627   4.7750 201.9840   2.6830  1.7970
ngc3627   4.9250 198.2760   3.8619  2.6092
ngc3627   5.0750 198.6330   2.9401  2.9049
ngc3627   5.2250 200.0270   4.0301  4.1288
ngc3627   5.3750 198.9400   6.1622  5.2271
ngc3627   5.5250 199.5700   6.6064  6.7682
ngc3627   5.6750 195.7970   6.4972  7.3710
ngc3627   5.8250 192.4750   5.9579  8.1949
ngc3627   5.9750 190.0960   6.0410  7.6917
ngc3627   6.1250 192.1720   6.6351  7.2444
ngc3627   6.2750 191.4150   7.8640  7.6834
ngc3627   6.4250 187.9200   7.6716  7.5469
ngc3627   6.5750 186.4140   8.3133  8.2212
ngc3627   6.7250 181.5120   7.0467  9.7179
ngc3627   6.8750 181.6760   7.5939  9.3122
ngc3627   7.0250 185.7640   7.5957  7.9218
ngc3627   7.1750 185.9780   7.4054  8.8297
ngc3627   7.3250 182.5130   7.6006  8.9421
ngc3627   7.4750 180.4620   7.1610  8.6011
ngc3627   7.6250 180.9640   9.6732  8.4609
ngc3627   7.7750 176.4780  10.3803  8.3914
ngc3627   7.9250 174.9930  10.5091  8.6372
ngc4207   0.1250  17.0134   3.9884  3.0955
ngc4207   0.2750  29.6735   3.8059  6.3225
ngc4207   0.4250  38.1590   2.5901  3.9485
ngc4207   0.5750  43.2548   1.4960  1.7365
ngc4207   0.7250  50.9965   2.8536  3.4038
ngc4207   0.8750  54.1207   3.5217  2.3215
ngc4207   1.0250  60.6579   3.0414  1.6646
ngc4207   1.1750  68.2497   3.3741  1.9353
ngc4207   1.3250  77.9602   5.5026  3.5567
ngc4207   1.4750  83.6124   3.0583  3.7773
ngc4207   1.6250  86.1831   3.7908  3.3090
ngc4207   1.7750  89.5237   4.5888  3.5272
ngc4207   1.9250  92.5497   4.3989  4.8031
ngc4207   2.0750  90.5140   4.3602  4.5215
ngc4207   2.2250  92.0480   4.4232  2.9354
ngc4207   2.3750  92.8828   4.6622  4.3712
ngc4254   0.1250  64.1458  15.3955 19.1945
ngc4254   0.2750  71.9691   7.6689 11.3306
ngc4254   0.4250  78.7941   3.4113  4.4944
ngc4254   0.5750  93.6120   4.0556  6.1365
ngc4254   0.7250 103.4140   3.8052  4.5550
ngc4254   0.8750 109.8900   3.4527  2.9011
ngc4254   1.0250 114.5540   3.0646  3.2907
ngc4254   1.1750 117.2220   4.0278  3.5092
ngc4254   1.3250 117.5280   3.7345  2.6018
ngc4254   1.4750 123.7690   4.1169  3.6315
ngc4254   1.6250 131.8490   5.2212  3.9070
ngc4254   1.7750 140.2370   4.8492  5.2179
ngc4254   1.9250 147.2970   4.5266  3.9941
ngc4254   2.0750 151.9430   4.5840  3.2378
ngc4254   2.2250 158.5400   4.6694  3.3896
ngc4254   2.3750 162.7330   4.4844  3.8731
ngc4254   2.5250 166.2470   4.4806  3.4534
ngc4254   2.6750 170.2520   4.1039  3.0773
ngc4254   2.8250 172.1840   4.3123  3.7978
ngc4254   2.9750 173.8190   5.1104  3.8160
ngc4254   3.1250 172.5630   5.2321  3.9888
ngc4254   3.2750 169.0730   4.4705  4.1169
ngc4254   3.4250 169.3940   4.4882  4.1971
ngc4254   3.5750 169.6170   4.5378  3.9290
ngc4254   3.7250 167.5680   4.1912  3.5086
ngc4254   3.8750 164.1590   3.9372  3.1771
ngc4254   4.0250 162.6370   3.7985  4.0016
ngc4254   4.1750 162.5830   4.7650  4.3080
ngc4254   4.3250 163.7600   4.1970  3.9780
ngc4254   4.4750 162.8560   3.9702  3.2101
ngc4254   4.6250 160.0510   4.1180  3.2429
ngc4254   4.7750 154.9810   3.3685  3.0799
ngc4254   4.9250 153.0160   3.8107  3.1782
ngc4254   5.0750 152.1840   5.3018  4.2412
ngc4254   5.2250 155.0430   5.8277  4.2834
ngc4254   5.3750 158.8430   4.5706  4.5342
ngc4254   5.5250 163.4130   5.3558  3.8339
ngc4254   5.6750 167.8430   5.3895  4.2136
ngc4254   5.8250 172.4940   4.6332  4.1122
ngc4254   5.9750 171.4730   4.1522  3.6704
ngc4254   6.1250 171.9250   3.7432  3.3500
ngc4254   6.2750 171.2230   4.3716  3.1147
ngc4254   6.4250 171.1550   4.1238  3.2233
ngc4254   6.5750 170.3250   4.0780  3.3853
ngc4254   6.7250 170.7690   4.3931  3.0358
ngc4254   6.8750 173.2280   4.0688  3.8502
ngc4254   7.0250 173.0600   4.0694  3.0594
ngc4254   7.1750 172.8750   3.3658  3.6690
ngc4254   7.3250 169.8250   4.1506  3.3406
ngc4254   7.4750 166.9770   3.9784  4.1594
ngc4254   7.6250 168.2800   5.1332  4.0152
ngc4254   7.7750 169.3010   4.4125  4.3446
ngc4254   7.9250 170.7720   3.8555  3.9484
ngc4254   8.0750 170.1810   4.6440  4.3330
ngc4254   8.2250 168.8380   5.4596  4.4335
ngc4254   8.3750 169.5600   4.4412  5.6137
ngc4254   8.5250 171.8050   4.5503  5.4602
ngc4254   8.6750 174.6010   4.0699  5.8478
ngc4254   8.8250 174.6760   4.8637  6.0180
ngc4254   8.9750 177.4650   6.8772  4.8082
ngc4254   9.1250 178.7410   6.8520  4.6775
ngc4254   9.2750 182.3820   5.2846  4.5923
ngc4254   9.4250 183.4280   3.1892  5.5103
ngc4254   9.5750 181.9930   4.1154  4.4454
ngc4254   9.7250 181.0290   4.8159  4.7134
ngc4254   9.8750 180.8410   5.5750  4.5943
ngc4254  10.0250 179.7910   4.9121  5.7050
ngc4254  10.1750 181.3410   5.8714  5.4563
ngc4254  10.3250 181.1390   6.1284  5.5732
ngc4254  10.4750 181.4200   5.8401  5.0562
ngc4254  10.6250 184.0380   4.8717  6.6642
ngc4254  10.7750 181.7350   5.3172  5.9134
ngc4254  10.9250 183.6290   6.7748  5.2322
ngc4254  11.0750 185.3440   6.1416  7.2096
ngc4254  11.2250 186.9550   7.0400  6.4028
ngc4254  11.3750 187.2230   5.9887  6.1201
ngc4254  11.5250 186.8530   6.7296  4.9909
ngc4254  11.6750 188.9330   7.0062  5.2846
ngc4293   0.1250  36.2961  10.8667 15.5937
ngc4293   0.2750  32.4979   8.9839  5.8998
ngc4293   0.4250  54.7023   4.5991  5.4893
ngc4293   0.5750  73.4629   5.2271 11.6712
ngc4293   0.7250  78.8598   5.3048  4.8025
ngc4293   0.8750  87.3171   5.0744  5.7415
ngc4293   1.0250  94.0318   3.3455  4.1269
ngc4293   1.1750  94.4035   2.9487  2.9237
ngc4293   1.3250  93.0439   2.8322  2.3319
ngc4293   1.4750  95.3670   5.2175  3.1104
ngc4293   1.6250  99.5170   5.3741  7.0500
ngc4293   1.7750 105.8350   5.8056  7.8132
ngc4293   1.9250 111.2880   6.4634  6.3980
ngc4293   2.0750 110.1680   8.0088  4.2507
ngc4293   2.2250 118.9060   8.2088  5.2557
ngc4293   2.3750 124.4480  11.8328  7.2994
ngc4293   2.5250 131.3770   9.8856  9.2242
ngc4293   2.6750 128.4630  10.7068  9.7614
ngc4298   0.1250  31.0255   6.5528  5.4664
ngc4298   0.2750  53.1753   6.5878  9.4410
ngc4298   0.4250  65.5814   3.3271 10.1016
ngc4298   0.5750  69.0203   2.6431  5.8226
ngc4298   0.7250  72.0995   4.1329  4.6977
ngc4298   0.8750  71.6987   2.5625  3.9347
ngc4298   1.0250  71.5742   3.0226  1.2457
ngc4298   1.1750  74.4749   1.4385  1.2518
ngc4298   1.3250  77.3556   0.8393  1.2422
ngc4298   1.4750  81.4607   1.4316  0.8721
ngc4298   1.6250  86.6234   1.2143  1.3212
ngc4298   1.7750  91.6426   1.3738  1.6873
ngc4298   1.9250  95.4215   1.2679  1.1354
ngc4298   2.0750 100.8150   0.8919  1.0137
ngc4298   2.2250 106.0770   0.6883  0.8971
ngc4298   2.3750 109.4850   1.3156  1.2788
ngc4298   2.5250 112.2840   1.7139  1.4599
ngc4298   2.6750 114.1890   1.0952  1.0580
ngc4298   2.8250 115.6470   0.7747  0.8085
ngc4298   2.9750 116.7320   0.6921  1.0641
ngc4298   3.1250 118.5400   0.8394  1.6458
ngc4298   3.2750 119.9630   0.7082  1.3798
ngc4298   3.4250 121.4040   0.6516  1.6537
ngc4298   3.5750 121.2500   0.6805  0.7551
ngc4298   3.7250 119.8970   1.0440  0.4749
ngc4298   3.8750 120.6030   1.3263  0.9968
ngc4298   4.0250 122.5140   1.0042  0.8562
ngc4298   4.1750 123.3330   0.8541  0.9058
ngc4298   4.3250 122.7880   0.5039  0.6069
ngc4298   4.4750 123.0060   0.4406  0.6718
ngc4298   4.6250 123.8470   0.4321  0.7988
ngc4298   4.7750 122.0260   0.6576  0.5826
ngc4298   4.9250 122.0620   0.8122  1.0168
ngc4298   5.0750 122.3350   1.1438  1.0559
ngc4298   5.2250 122.3070   0.9548  1.4634
ngc4298   5.3750 123.6270   0.9086  1.2449
ngc4298   5.5250 124.4290   1.0555  1.4283
ngc4298   5.6750 126.1980   1.2786  2.3998
ngc4298   5.8250 125.8360   2.2138  1.5952
ngc4298   5.9750 125.3670   2.5098  1.4552
ngc4298   6.1250 125.3060   2.4654  2.5619
ngc4298   6.2750 128.9990   2.2390  2.7092
ngc4298   6.4250 132.6150   2.0658  3.2282
ngc4298   6.5750 137.5940   2.5842  2.4735
ngc4298   6.7250 140.8480   2.1536  3.3792
ngc4298   6.8750 143.7310   4.0910  2.4234
ngc4303   0.1250  75.3696  30.3456 18.0413
ngc4303   0.2750 128.3940  42.6516 28.8460
ngc4303   0.4250 125.7550  49.3526 27.2888
ngc4303   0.5750 110.3300  38.9959 28.5577
ngc4303   0.7250 104.5960  44.7059 26.6091
ngc4303   0.8750 113.5440  47.1925 26.3737
ngc4303   1.0250 121.2240  45.7083 29.5906
ngc4303   1.1750 134.5420  42.3908 35.7119
ngc4303   1.3250 148.2750  54.2530 35.6868
ngc4303   1.4750 152.4020  48.1066 38.1727
ngc4303   1.6250 159.3990  56.4463 36.9194
ngc4303   1.7750 158.1670  62.1634 37.8883
ngc4303   1.9250 160.8610  58.6010 37.1688
ngc4303   2.0750 158.9640  52.9963 35.9180
ngc4303   2.2250 155.0610  48.7399 35.6301
ngc4303   2.3750 155.4640  46.0220 36.0926
ngc4303   2.5250 153.6120  51.8883 36.1602
ngc4303   2.6750 154.9190  62.7578 36.1533
ngc4303   2.8250 159.2720  66.6446 39.9215
ngc4303   2.9750 164.6810  67.5253 43.3333
ngc4303   3.1250 173.0930  66.4364 46.3735
ngc4303   3.2750 179.8730  68.1300 46.8584
ngc4303   3.4250 183.6120  69.2516 44.2792
ngc4303   3.5750 181.5160  69.2979 43.2610
ngc4303   3.7250 182.1830  68.4734 41.7473
ngc4303   3.8750 180.7380  72.0327 40.4121
ngc4303   4.0250 180.8480  75.0470 41.8786
ngc4303   4.1750 182.5930  72.9677 43.4708
ngc4303   4.3250 181.0630  70.0943 45.1157
ngc4303   4.4750 180.6670  66.1991 43.8388
ngc4303   4.6250 179.5420  68.7764 41.5907
ngc4303   4.7750 177.0760  70.8374 39.9613
ngc4303   4.9250 175.5420  69.4944 40.0162
ngc4303   5.0750 174.9900  67.1224 40.1367
ngc4303   5.2250 170.2600  69.3027 39.2889
ngc4303   5.3750 169.2080  70.1566 39.1353
ngc4303   5.5250 169.9140  71.8887 40.1609
ngc4303   5.6750 168.2680  71.6278 43.3801
ngc4303   5.8250 171.3520  70.4260 45.3606
ngc4303   5.9750 177.6700  69.1319 45.1871
ngc4303   6.1250 180.6140  72.6503 45.0923
ngc4303   6.2750 177.7010  71.3076 41.3974
ngc4303   6.4250 175.2280  68.3237 41.6358
ngc4321   0.1250  69.3301   9.3893 16.4511
ngc4321   0.2750 111.3910   7.4044 22.1289
ngc4321   0.4250 122.4850   7.8917 10.0418
ngc4321   0.5750 127.0750   9.4747  9.0812
ngc4321   0.7250 115.9460   6.4714  5.4698
ngc4321   0.8750 103.2580   8.2675  5.2383
ngc4321   1.0250 108.1360   6.6020  5.8243
ngc4321   1.1750 112.3070   7.5642  6.0587
ngc4321   1.3250 119.5210   8.9292  5.8252
ngc4321   1.4750 122.9670   5.6714  6.7503
ngc4321   1.6250 134.0880   9.2316  5.3320
ngc4321   1.7750 140.3510   9.0530  7.3632
ngc4321   1.9250 144.2040   6.9524  9.2406
ngc4321   2.0750 149.4480   9.4184  7.7234
ngc4321   2.2250 149.3110   8.3123  8.5279
ngc4321   2.3750 146.8670   7.4938  7.4454
ngc4321   2.5250 147.5460   8.0173  7.2470
ngc4321   2.6750 148.9700   7.1413  6.7048
ngc4321   2.8250 151.4930   6.9190  5.5128
ngc4321   2.9750 153.3080   7.7239  6.0469
ngc4321   3.1250 156.9880   9.0653  8.3196
ngc4321   3.2750 162.1580   9.2335  7.4519
ngc4321   3.4250 163.9410   8.2992  7.3977
ngc4321   3.5750 164.1120   7.1582  6.5881
ngc4321   3.7250 165.8340   8.8029  6.8299
ngc4321   3.8750 167.4220   8.3336  7.1674
ngc4321   4.0250 167.6440   8.2164  7.6284
ngc4321   4.1750 167.3310   8.4037  7.1607
ngc4321   4.3250 165.9610   7.6013  7.5338
ngc4321   4.4750 165.1230   7.8122  6.8592
ngc4321   4.6250 162.8270   8.2354  7.5385
ngc4321   4.7750 163.6610   8.9199  5.7319
ngc4321   4.9250 163.4940   8.7372  5.5011
ngc4321   5.0750 164.4770   9.4067  6.6226
ngc4321   5.2250 162.9950   9.0388  8.1178
ngc4321   5.3750 166.4240   9.3100  8.5961
ngc4321   5.5250 170.4380  10.0376  7.2099
ngc4321   5.6750 172.0880   8.8802  8.6213
ngc4321   5.8250 175.0780   9.5556  7.9746
ngc4321   5.9750 177.5500   9.9918  6.9305
ngc4321   6.1250 177.3740   8.7338  7.9032
ngc4321   6.2750 177.4800   8.8357  7.9318
ngc4321   6.4250 176.8280   8.8844  7.6474
ngc4321   6.5750 177.3990   8.7972  7.6552
ngc4321   6.7250 179.0690   9.0234  8.1478
ngc4321   6.8750 182.9820   9.3038  7.7304
ngc4321   7.0250 183.5320  10.3774  6.7221
ngc4321   7.1750 182.4050   9.7580  6.9873
ngc4321   7.3250 183.1250   8.6028  6.6205
ngc4321   7.4750 183.9740   9.5401  6.9820
ngc4321   7.6250 183.0480   9.8934  8.5737
ngc4321   7.7750 187.0930  10.2667  9.1382
ngc4321   7.9250 191.3460  10.7016  8.8135
ngc4321   8.0750 195.1940  10.5379  9.8094
ngc4321   8.2250 197.0670  11.0949  9.9670
ngc4321   8.3750 199.8620  12.3497 10.1939
ngc4321   8.5250 205.5940  11.0009 11.9976
ngc4424   0.1250  20.7897   8.7083  8.3918
ngc4424   0.2750  17.0673   7.1305  5.7640
ngc4424   0.4250  10.5974   3.7545  4.8798
ngc4424   0.5750  10.4385   4.0932  2.5370
ngc4424   0.7250   9.5841   5.6205  3.6516
ngc4424   0.8750   6.5658   3.1053  3.5637
ngc4424   1.0250   9.3032   4.4947  3.2245
ngc4424   1.1750   9.4199   4.1698  4.3461
ngc4424   1.3250  17.1275  14.7237  8.3223
ngc4424   1.4750  35.1185  24.9218 16.4114
ngc4424   1.6250  65.5725  19.8341 26.4835
ngc4424   1.7750  75.7995  12.4800 26.8115
ngc4424   1.9250  76.9929  11.2922 17.7387
ngc4424   2.0750  86.7736  13.6719 13.1833
ngc4424   2.2250  76.4887  18.3180 19.6362
ngc4424   2.3750  63.6901  23.2278 25.8918
ngc4424   2.5250  89.9913  29.6562 33.4007
ngc4457   0.1250  69.3932  66.2069 46.7590
ngc4457   0.2750 228.7090  82.2290 50.1674
ngc4457   0.4250 313.4470  67.1468 65.2312
ngc4457   0.5750 323.1160  55.6850 68.0800
ngc4457   0.7250 290.8490  64.6717 53.1099
ngc4457   0.8750 237.8350  57.9639 44.8522
ngc4457   1.0250 212.8860  68.9527 35.5244
ngc4457   1.1750 204.7780  63.7115 36.7968
ngc4496a  0.1250   7.2804   2.2922  2.3610
ngc4496a  0.2750   9.0543   1.1993  1.6432
ngc4496a  0.4250  10.2920   2.1909  2.1712
ngc4496a  0.5750  15.2537   2.1060  1.8216
ngc4496a  0.7250  19.6975   1.4012  1.9262
ngc4496a  0.8750  23.1859   2.2528  1.7706
ngc4496a  1.0250  30.0529   2.0308  1.9303
ngc4496a  1.1750  35.0152   1.5799  2.2110
ngc4496a  1.3250  38.1956   1.9500  2.3660
ngc4496a  1.4750  43.1745   2.4365  2.9183
ngc4496a  1.6250  45.9958   1.4747  2.3636
ngc4496a  1.7750  50.2811   1.9112  2.5376
ngc4496a  1.9250  54.3106   2.1180  2.3226
ngc4496a  2.0750  55.0133   2.0360  2.3413
ngc4496a  2.2250  56.0998   3.0160  2.2143
ngc4496a  2.3750  62.2989   3.3723  2.7740
ngc4496a  2.5250  64.4581   2.5444  3.5350
ngc4496a  2.6750  64.2181   3.1997  2.6549
ngc4496a  2.8250  66.9822   2.9337  2.9852
ngc4496a  2.9750  68.7143   3.0018  3.2534
ngc4496a  3.1250  71.3035   2.6379  3.2980
ngc4496a  3.2750  73.3963   3.0649  3.3306
ngc4496a  3.4250  76.7101   3.8184  3.9351
ngc4496a  3.5750  80.5944   5.1616  4.2593
ngc4535   0.1250  67.0788  12.8661 16.0855
ngc4535   0.2750 108.2970  25.0104 17.2775
ngc4535   0.4250 139.0310  30.9092 23.5832
ngc4535   0.5750 138.3600  29.3919 18.5511
ngc4535   0.7250 147.4060  26.9499 15.0439
ngc4535   0.8750 150.6380  28.9215 20.2901
ngc4535   1.0250 159.0250  28.2655 16.1325
ngc4535   1.1750 155.1660  22.1130 14.5389
ngc4535   1.3250 150.7500  19.0158  8.7184
ngc4535   1.4750 140.7100  17.9644  7.3606
ngc4535   1.6250 136.3880  20.2936  7.4111
ngc4535   1.7750 126.1030  21.0990  6.9500
ngc4535   1.9250 120.2230  12.6366 11.7976
ngc4535   2.0750 121.8300  11.4073  8.4238
ngc4535   2.2250 126.1890  12.6622  8.3995
ngc4535   2.3750 119.4540   9.5765  7.5235
ngc4535   2.5250 108.2250  11.7839  9.2581
ngc4535   2.6750  95.5851  15.0639 11.1463
ngc4535   2.8250  86.1801  18.4307 12.3634
ngc4535   2.9750 104.7830  22.5289 10.2565
ngc4535   3.1250 114.0540  23.2444 12.5625
ngc4535   3.2750 121.6170  24.6061 13.3189
ngc4535   3.4250 124.7420  27.4961 16.5916
ngc4535   3.5750 129.4040  27.8843 17.8851
ngc4535   3.7250 135.5410  29.4790 19.7377
ngc4535   3.8750 142.8410  28.3347 21.7758
ngc4535   4.0250 148.5080  29.0805 22.5543
ngc4535   4.1750 151.1590  30.1134 21.0278
ngc4535   4.3250 155.2760  32.7007 18.8747
ngc4535   4.4750 159.4950  32.3901 19.5288
ngc4535   4.6250 161.3430  31.0218 19.0306
ngc4535   4.7750 162.6790  32.5926 17.6476
ngc4535   4.9250 163.2090  33.0547 17.2804
ngc4535   5.0750 164.7940  33.6224 18.3543
ngc4535   5.2250 167.3380  31.2105 20.2673
ngc4535   5.3750 169.0190  31.0880 20.9654
ngc4535   5.5250 170.2960  29.8729 21.6494
ngc4535   5.6750 169.7760  29.8939 22.4353
ngc4535   5.8250 169.5270  31.1502 21.8543
ngc4535   5.9750 169.0900  32.1779 21.2903
ngc4535   6.1250 170.0990  30.7993 20.9751
ngc4535   6.2750 170.4680  32.2141 19.3595
ngc4535   6.4250 169.8880  31.3408 19.2866
ngc4535   6.5750 170.4660  29.6271 18.6102
ngc4535   6.7250 171.3830  27.5116 19.5893
ngc4535   6.8750 171.7670  28.1299 18.7688
ngc4535   7.0250 174.0760  28.2391 18.5151
ngc4535   7.1750 174.7260  28.0316 18.8369
ngc4535   7.3250 175.0320  28.2078 18.8211
ngc4535   7.4750 175.4900  29.9296 17.9634
ngc4535   7.6250 177.2660  32.4050 16.8413
ngc4535   7.7750 179.9730  36.1831 15.9359
ngc4535   7.9250 181.0800  37.9199 16.0713
ngc4535   8.0750 183.5190  36.7431 15.9051
ngc4535   8.2250 184.7980  36.3658 15.4534
ngc4535   8.3750 183.6220  36.6294 13.1508
ngc4536   0.1250  97.7768  23.0731 27.2675
ngc4536   0.2750 143.4430  20.6752 32.1112
ngc4536   0.4250 151.5760   8.0776 21.1860
ngc4536   0.5750 146.3830   4.1828  8.4704
ngc4536   0.7250 146.4100   8.3782  6.1310
ngc4536   0.8750 163.3750   6.2366  5.0454
ngc4536   1.0250 184.5460   3.7860  4.7819
ngc4536   1.1750 197.5120   3.7244  3.8324
ngc4536   1.3250 205.9990   3.0834  4.1453
ngc4536   1.4750 209.8010   2.5573  4.5107
ngc4536   1.6250 213.0580   3.0736  6.6287
ngc4536   1.7750 210.9020   4.1664  6.7314
ngc4536   1.9250 204.7750   7.3817  4.7360
ngc4536   2.0750 204.7920   5.0264  6.3656
ngc4536   2.2250 195.9010   6.5785  4.9447
ngc4536   2.3750 184.0700   4.7612  3.6139
ngc4536   2.5250 179.3260   4.1413  2.5088
ngc4536   2.6750 180.8190   2.6790  3.3353
ngc4536   2.8250 180.7390   2.3252  3.2582
ngc4536   2.9750 179.3660   2.0205  3.7932
ngc4536   3.1250 177.2960   3.7961  3.6057
ngc4536   3.2750 169.6430   5.2820  2.5798
ngc4536   3.4250 169.8580   3.4614  2.0035
ngc4536   3.5750 170.7600   3.8345  2.6654
ngc4536   3.7250 167.0930   4.1364  2.5871
ngc4536   3.8750 165.6110   3.3044  2.3394
ngc4536   4.0250 166.5020   2.7517  3.5469
ngc4536   4.1750 165.2820   2.4581  3.3947
ngc4536   4.3250 165.9810   3.1517  2.9160
ngc4536   4.4750 164.2080   3.3878  3.0260
ngc4536   4.6250 162.2730   4.9766  2.5760
ngc4536   4.7750 163.3650   4.1654  2.4860
ngc4536   4.9250 162.0870   3.4776  1.8693
ngc4536   5.0750 163.7330   2.2787  2.4438
ngc4536   5.2250 162.6990   2.8653  3.0696
ngc4536   5.3750 161.5300   3.7926  3.2642
ngc4536   5.5250 161.6600   4.1726  3.6808
ngc4536   5.6750 161.7150   4.5267  3.7438
ngc4536   5.8250 162.3540   5.4320  3.9810
ngc4536   5.9750 161.0400   6.2685  2.9791
ngc4536   6.1250 161.2940   4.6651  3.2896
ngc4536   6.2750 161.5220   4.6513  3.0886
ngc4536   6.4250 162.0940   3.7628  2.6487
ngc4536   6.5750 162.2860   3.8973  2.8384
ngc4536   6.7250 162.1700   4.2368  4.0409
ngc4536   6.8750 162.1160   6.7968  3.3655
ngc4536   7.0250 161.1580   6.3378  3.5288
ngc4536   7.1750 160.7700   6.5391  3.0212
ngc4536   7.3250 159.4950   7.4422  2.9244
ngc4536   7.4750 162.9390   5.8596  4.2912
ngc4536   7.6250 162.6800   5.9897  4.7730
ngc4536   7.7750 164.7890   6.1598  5.1178
ngc4536   7.9250 160.6060   6.4812  5.6681
ngc4536   8.0750 158.2850   5.3456  5.5872
ngc4536   8.2250 157.7930   5.6167  5.9548
ngc4536   8.3750 163.9970   6.6670  5.7617
ngc4536   8.5250 162.3240   6.3432  6.3358
ngc4536   8.6750 162.1000   5.5352  5.8969
ngc4536   8.8250 164.6440   3.9279  5.3481
ngc4536   8.9750 163.3760   2.7042  4.8414
ngc4536   9.1250 162.6990   3.0383  4.3333
ngc4536   9.2750 161.2150   4.5518  2.3595
ngc4536   9.4250 159.8500   2.3729  2.1858
ngc4536   9.5750 159.1610   1.9343  1.8738
ngc4536   9.7250 155.9030   1.6773  1.5908
ngc4536   9.8750 156.1920   2.3315  1.2976
ngc4536  10.0250 160.3240   2.2352  3.0572
ngc4536  10.1750 160.2230   3.7408  3.3885
ngc4536  10.3250 157.1340   4.5690  3.4423
ngc4540   0.1250  25.0613  70.6193  9.6528
ngc4540   0.2750  24.6825  23.7927 17.7535
ngc4540   0.4250  43.9891  39.2666 13.9817
ngc4540   0.5750  55.2329  70.3858 12.8231
ngc4540   0.7250  62.9700  72.9432 13.8408
ngc4540   0.8750  67.5184  54.9694 13.6319
ngc4540   1.0250  76.2512  62.2138 15.9227
ngc4540   1.1750  83.5345  66.6045 17.3996
ngc4540   1.3250  89.0579  69.3924 20.3139
ngc4540   1.4750  92.3166  74.0827 21.6656
ngc4540   1.6250 103.0960  77.5757 23.9308
ngc4540   1.7750 110.1560  77.8443 25.0204
ngc4540   1.9250 106.8020  77.0655 26.1536
ngc4540   2.0750 110.0580  77.7971 25.5346
ngc4540   2.2250 116.2840  81.8305 26.1272
ngc4540   2.3750 124.6940  90.5201 29.9101
ngc4540   2.5250 129.6660  90.1142 32.2797
ngc4540   2.6750 129.5770  89.2710 31.6104
ngc4540   2.8250 126.9700  88.4594 24.8832
ngc4540   2.9750 118.3810  85.1115 22.9048
ngc4548   0.1250  71.0889  15.2164 13.5612
ngc4548   0.2750 186.9110  35.5134 39.3913
ngc4548   0.4250 233.1110  40.8672 28.2657
ngc4548   0.5750 207.1840  23.8357 23.3951
ngc4548   0.7250 237.8660  35.9788 23.1734
ngc4548   3.2750 205.6970  25.0457 15.6876
ngc4548   3.4250 206.5420  26.4990 16.0643
ngc4548   3.5750 202.6730  26.8247 15.9930
ngc4548   3.7250 201.7310  27.7602 21.8625
ngc4548   3.8750 202.7820  29.3547 17.7466
ngc4548   4.0250 200.2120  25.9116 18.4056
ngc4548   4.1750 197.7640  21.4488 20.7382
ngc4548   4.3250 195.4580  20.9606 19.8853
ngc4548   4.4750 191.8240  23.1030 16.6377
ngc4548   4.6250 194.0240  21.9163 16.1271
ngc4548   4.7750 192.9450  18.1633 14.9656
ngc4548   4.9250 183.8030  16.1274 12.1901
ngc4548   5.0750 178.4620  16.1768 11.6755
ngc4548   5.2250 173.2280  16.6049 11.1426
ngc4548   5.3750 169.2170  16.7082 10.8248
ngc4548   5.5250 164.5870  16.2700 11.2431
ngc4548   5.6750 161.8710  17.6581 11.0111
ngc4548   5.8250 164.1760  19.6723 12.2648
ngc4548   5.9750 167.7570  16.9141 14.4750
ngc4548   6.1250 168.1610  17.9817 12.8512
ngc4548   6.2750 168.4100  18.9069 12.6588
ngc4569   0.1250   7.3435  13.1698 10.7886
ngc4569   0.2750  49.2187  11.2422 15.8254
ngc4569   0.4250  71.9910  11.8242 15.8462
ngc4569   0.5750  92.1367  10.7951 16.0184
ngc4569   0.7250  95.5165   9.7143 13.6725
ngc4569   0.8750  90.0369   5.8287  9.6673
ngc4569   1.0250  81.1611   5.3602  7.1990
ngc4569   1.1750  78.3527   7.5673  6.8392
ngc4569   1.3250  79.7515   5.9205  7.5308
ngc4569   1.4750  88.6649   3.5625  7.8313
ngc4569   1.6250 100.7900   4.7462  6.8160
ngc4569   1.7750 108.2520   4.1170  6.4674
ngc4569   1.9250 110.1800   3.6447  4.7218
ngc4569   2.0750 115.6940   4.2829  4.2066
ngc4569   2.2250 121.3270   4.3092  3.5368
ngc4569   2.3750 127.6470   4.9672  3.5617
ngc4569   2.5250 132.8330   5.8588  3.9508
ngc4569   2.6750 135.2530   4.7586  6.2816
ngc4569   2.8250 136.8810   4.6748  4.4356
ngc4569   2.9750 142.7120   4.1133  4.2350
ngc4569   3.1250 142.3950   3.7821  3.4706
ngc4569   3.2750 144.4420   3.3249  3.8744
ngc4569   3.4250 148.0140   3.0233  4.1369
ngc4569   3.5750 150.8290   3.5801  3.2032
ngc4569   3.7250 153.5930   2.3099  3.3975
ngc4569   3.8750 156.6050   2.6200  3.2473
ngc4569   4.0250 159.4250   3.1000  4.0161
ngc4569   4.1750 163.3060   3.2333  4.5274
ngc4569   4.3250 165.9630   3.0956  5.6461
ngc4569   4.4750 169.4900   3.2459  7.2724
ngc4569   4.6250 172.0220   2.4831  6.8937
ngc4569   4.7750 175.2530   3.2069  6.1576
ngc4569   4.9250 179.3720   2.5697  5.8830
ngc4569   5.0750 183.9810   2.0716  5.4903
ngc4569   5.2250 186.1060   3.0318  4.3175
ngc4569   5.3750 187.5300   3.9983  4.2396
ngc4569   5.5250 187.7320   3.4368  5.2434
ngc4569   5.6750 189.6570   4.1011  5.3842
ngc4569   5.8250 190.3710   5.0750  4.4120
ngc4569   5.9750 192.5100   5.8678  4.5580
ngc4569   6.1250 193.0240   4.8918  5.6552
ngc4569   6.2750 191.2880   6.7733  5.5908
ngc4569   6.4250 192.7580   8.1150  6.1260
ngc4569   6.5750 199.7530   6.7089  8.5903
ngc4569   6.7250 202.4690   7.3620  8.1804
ngc4569   6.8750 205.4100   7.8661  8.6198
ngc4569   7.0250 210.8780   8.6027  8.6568
ngc4569   7.1750 216.1920   8.0357  9.0572
ngc4569   7.3250 219.2250   8.2156  8.7974
ngc4569   7.4750 225.3870   7.6078  9.9184
ngc4571   0.1250  28.3685   5.1479  6.7580
ngc4571   0.2750  41.1942   2.8589  5.1986
ngc4571   0.4250  53.9437   3.5162  3.3811
ngc4571   0.5750  63.1000   4.3666  3.1798
ngc4571   0.7250  75.9876   4.9195  4.8760
ngc4571   0.8750  82.9014   5.1174  4.9642
ngc4571   1.0250  88.4348   5.4742  4.6011
ngc4571   1.1750  91.8639   5.2377  4.6012
ngc4571   1.3250  96.7205   5.9972  5.0917
ngc4571   1.4750 101.2700   6.5664  5.1618
ngc4571   1.6250 101.4630   6.3122  4.5537
ngc4571   1.7750 103.1650   6.6336  4.1674
ngc4571   1.9250 105.9850   7.4050  4.3257
ngc4571   2.0750 107.9250   7.5410  5.0018
ngc4571   2.2250 111.6810   6.7341  5.7964
ngc4571   2.3750 114.9710   7.2066  6.0162
ngc4571   2.5250 117.1680   7.2740  6.1016
ngc4571   2.6750 119.1870   6.9987  6.0954
ngc4571   2.8250 119.5930   6.6565  5.6344
ngc4571   2.9750 118.8310   6.8720  5.2458
ngc4571   3.1250 118.6300   7.2246  5.3580
ngc4571   3.2750 119.0160   7.6500  4.7728
ngc4571   3.4250 120.0000   6.8877  5.2011
ngc4571   3.5750 120.3520   7.6006  4.9803
ngc4571   3.7250 120.7770   7.2683  5.2796
ngc4571   3.8750 120.1700   7.3721  4.8936
ngc4571   4.0250 121.8890   7.4868  5.2790
ngc4571   4.1750 124.5700   7.6129  5.8560
ngc4571   4.3250 127.0110   7.7042  5.2160
ngc4571   4.4750 128.1510   7.3222  5.4261
ngc4571   4.6250 128.2450   6.5505  5.2897
ngc4571   4.7750 127.0500   6.5618  5.3204
ngc4571   4.9250 128.8180   8.9302  5.0651
ngc4571   5.0750 132.8410   9.0286  6.0014
ngc4579   0.1250  43.1564  23.2560 18.7819
ngc4579   0.2750 130.4510  21.4201 32.2046
ngc4579   0.4250 157.6360  30.1703 38.7528
ngc4579   0.5750 124.7760  33.7289 26.8929
ngc4579   0.7250 101.6760  12.0581 16.4037
ngc4579   0.8750  70.8907  20.0196 12.5472
ngc4579   1.0250  71.1948  20.8258 12.4967
ngc4579   1.1750  83.1568  20.3681 11.5632
ngc4579   1.3250 104.3150  20.4827 16.8255
ngc4579   1.4750 117.0410  21.4114 12.4000
ngc4579   1.6250 135.6000  25.1865 18.7112
ngc4579   1.7750 150.6020  28.1119 21.8531
ngc4579   1.9250 170.1740  28.1773 25.2898
ngc4579   2.0750 181.7200  25.9601 21.0372
ngc4579   2.2250 181.0960  30.1296 18.2873
ngc4579   2.3750 184.0750  35.1461 22.8871
ngc4579   2.5250 195.3700  36.0313 28.2435
ngc4579   2.6750 217.0980  33.3633 28.8806
ngc4579   2.8250 222.9080  30.7511 24.6854
ngc4579   2.9750 228.7080  29.8284 22.1503
ngc4579   3.1250 230.9350  34.3798 21.1161
ngc4579   3.2750 231.9910  35.8425 21.4340
ngc4579   3.4250 235.4940  36.7287 23.3971
ngc4579   3.5750 242.6780  36.4754 25.1980
ngc4579   3.7250 245.0090  38.2986 25.6738
ngc4579   3.8750 248.2570  35.3650 27.1479
ngc4579   4.0250 250.4930  33.6844 26.7580
ngc4579   4.1750 250.8940  33.5861 25.5755
ngc4579   4.3250 250.9740  35.6234 23.4649
ngc4579   4.4750 252.0570  35.8737 23.3992
ngc4579   4.6250 253.1370  34.3539 24.6373
ngc4579   4.7750 253.6300  32.8168 26.1059
ngc4579   4.9250 257.1980  33.1039 24.6654
ngc4579   5.0750 257.8870  31.2534 26.5733
ngc4579   5.2250 257.4520  33.6164 24.3602
ngc4579   5.3750 257.5280  34.9381 23.8681
ngc4579   5.5250 257.9980  37.0967 24.9417
ngc4579   5.6750 260.7180  37.5396 26.4347
ngc4579   5.8250 262.0280  37.3782 27.2221
ngc4579   5.9750 264.8900  38.0853 27.7684
ngc4579   6.1250 268.3410  39.7317 27.7280
ngc4579   6.2750 268.2270  39.1230 28.6858
ngc4579   6.4250 268.3900  38.2120 30.8464
ngc4579   6.5750 270.9110  38.5534 31.9613
ngc4579   6.7250 269.9130  39.3139 29.1816
ngc4579   6.8750 270.5930  38.7524 28.6178
ngc4579   7.0250 271.1660  40.6116 28.4123
ngc4579   7.1750 272.5630  37.8789 27.2442
ngc4579   7.3250 273.5310  38.7908 25.8270
ngc4579   7.4750 268.2880  37.3782 25.5211
ngc4579   7.6250 266.8190  36.6100 24.7209
ngc4579   7.7750 266.9740  36.2556 25.1928
ngc4579   7.9250 270.2080  37.6979 24.2696
ngc4654   0.1250  12.0383   2.3957  2.0800
ngc4654   0.2750  26.6510   3.1401  3.3717
ngc4654   0.4250  35.8977   4.2662  3.6166
ngc4654   0.5750  40.1883   4.4138  4.2685
ngc4654   0.7250  46.4652   3.8808  2.8706
ngc4654   0.8750  54.4802   4.9566  3.5200
ngc4654   1.0250  64.6668   5.7899  4.3926
ngc4654   1.1750  75.9008   5.4041  4.7512
ngc4654   1.3250  82.9402   5.9592  3.9397
ngc4654   1.4750  89.2769   6.7526  4.3838
ngc4654   1.6250  92.4324   6.6046  3.5767
ngc4654   1.7750  98.7631   6.0455  4.0365
ngc4654   1.9250 103.8120   6.4062  3.1440
ngc4654   2.0750 107.0180   6.8384  3.0199
ngc4654   2.2250 114.1620   8.0406  4.0436
ngc4654   2.3750 120.0850   8.2533  4.0937
ngc4654   2.5250 125.0020   6.9334  4.9115
ngc4654   2.6750 128.6990   5.6237  4.8134
ngc4654   2.8250 130.9780   4.7474  5.0028
ngc4654   2.9750 132.0560   4.5202  4.5618
ngc4654   3.1250 132.6340   5.1803  2.7895
ngc4654   3.2750 133.0950   4.9773  2.1416
ngc4654   3.4250 129.4400   5.8906  2.3840
ngc4654   3.5750 129.3810   9.6728  2.5572
ngc4654   3.7250 132.3940  12.3972  3.1688
ngc4654   3.8750 138.0310  10.6940  4.3525
ngc4654   4.0250 139.3220  10.7958  5.7560
ngc4654   4.1750 141.2310  12.6480  4.9718
ngc4654   4.3250 142.9290  10.7640  5.6495
ngc4654   4.4750 143.1040  10.0638  5.3778
ngc4654   4.6250 144.1430   7.6470  5.4312
ngc4654   4.7750 142.5170   9.6596  5.3853
ngc4654   4.9250 146.4900  10.2916  4.9479
ngc4654   5.0750 147.0290   9.9991  6.1097
ngc4654   5.2250 149.4410   8.2749  5.9616
ngc4654   5.3750 151.0360   7.3356  5.9787
ngc4654   5.5250 150.8660   5.8506  5.5887
ngc4654   5.6750 151.3460   5.9917  3.8398
ngc4654   5.8250 153.6660   6.2370  2.8910
ngc4654   5.9750 154.2720   8.4918  2.7314
ngc4654   6.1250 155.1290   8.4213  3.4016
ngc4654   6.2750 155.4770  10.2596  4.3586
ngc4654   6.4250 157.9440  11.4563  5.6756
ngc4654   6.5750 161.0520  14.7059  6.1687
ngc4654   6.7250 161.4940  19.0912  5.0887
ngc4654   6.8750 162.2010  20.3668  6.7983
ngc4654   7.0250 168.3960  18.9956 10.8067
ngc4654   7.1750 172.3560  16.5353 13.0782
ngc4654   7.3250 175.3120  14.8261 14.1096
ngc4654   7.4750 174.6410   7.9800 13.5070
ngc4654   7.6250 172.6510   4.8469 11.2019
ngc4654   7.7750 166.1990   5.3089  8.8868
ngc4654   7.9250 162.3540   6.3130  5.5396
ngc4654   8.0750 160.6940   5.8612  5.9504
ngc4689   0.1250  30.6060   3.5275  5.0539
ngc4689   0.2750  47.8668   3.5690  4.6425
ngc4689   0.4250  68.4426   4.9864  5.6121
ngc4689   0.5750  74.4107   5.2640  3.9233
ngc4689   0.7250  77.0733   4.2853  3.3004
ngc4689   0.8750  82.2520   5.4144  3.8429
ngc4689   1.0250  86.6629   6.9050  4.5635
ngc4689   1.1750  89.2205   5.7419  4.5417
ngc4689   1.3250  91.5460   6.9263  4.0262
ngc4689   1.4750  91.7312   5.5649  3.9560
ngc4689   1.6250  92.6818   5.2153  3.8236
ngc4689   1.7750  95.0032   5.4262  3.4596
ngc4689   1.9250  98.0716   5.3065  6.1768
ngc4689   2.0750 101.6040   5.5032  5.8592
ngc4689   2.2250 104.7530   6.5788  4.8769
ngc4689   2.3750 109.4160   7.7921  3.2555
ngc4689   2.5250 111.7870   7.4777  3.3319
ngc4689   2.6750 114.4030   7.0591  4.0115
ngc4689   2.8250 116.6840   6.8980  3.8504
ngc4689   2.9750 120.9750   7.8119  3.3451
ngc4689   3.1250 122.9460   7.1399  4.1929
ngc4689   3.2750 124.0400   7.0206  5.1800
ngc4689   3.4250 126.9880   6.7282  5.5000
ngc4689   3.5750 128.1530   7.6716  4.6397
ngc4689   3.7250 130.3290   8.3451  4.4606
ngc4689   3.8750 131.2240   8.1605  4.5975
ngc4689   4.0250 133.0120   8.1930  4.1458
ngc4689   4.1750 134.1900   7.5488  4.6191
ngc4689   4.3250 133.8140   7.5960  5.0448
ngc4689   4.4750 135.0440   7.4362  5.3519
ngc4689   4.6250 136.8030   7.5219  5.0481
ngc4689   4.7750 136.7490   8.3435  3.6865
ngc4689   4.9250 135.8930   7.8426  3.9928
ngc4689   5.0750 135.3000   7.9587  4.1133
ngc4689   5.2250 136.9480   8.3652  5.4068
ngc4689   5.3750 139.9740   8.4641  5.4511
ngc4689   5.5250 143.0480   8.2798  5.3243
ngc4689   5.6750 145.8840  10.8432  3.8220
ngc4689   5.8250 147.4880  10.4655  5.2064
ngc4689   5.9750 151.2060   8.9329  6.3306
ngc4689   6.1250 148.5860   9.3334  5.8942
ngc4694   0.1250  16.7707   6.2858 13.9058
ngc4694   0.2750  31.3948   4.9360 10.1951
ngc4694   0.4250  33.5176   5.5205  8.6162
ngc4694   0.5750  42.3052   4.6133  6.4806
ngc4694   0.7250  53.8473   5.7736  7.0191
ngc4694   0.8750  58.8467   5.3724  5.1446
ngc4694   1.0250  61.3980   6.5657  5.7060
ngc4694   1.1750  66.8958   8.5447  6.9627
ngc4694   1.3250  88.6364   7.3904  7.9174
ngc4694   1.4750  71.7573   6.0109  4.7787
ngc4694   1.6250  66.1573   4.9544  4.4189
ngc4694   1.7750  70.2235   6.1400  5.3866
ngc4694   1.9250  72.9905   8.7021  7.0058
ngc4694   2.0750  83.2658  10.8730  9.8127
ngc4694   2.2250  84.9148   7.8667  9.8515
ngc4731   0.1250  -1.1736  12.6065  4.0191
ngc4731   0.2750  10.4131  17.7267  6.0740
ngc4731   0.4250  33.4724  15.9270 16.8626
ngc4731   0.5750  31.5167  17.1169 18.7598
ngc4731   0.7250  35.4700  12.6433 16.5018
ngc4731   0.8750  45.0684   8.2251 12.8999
ngc4731   1.0250  52.0664   7.3441  9.9564
ngc4731   1.1750  52.2515   4.4478 13.7687
ngc4781   0.1250  21.2649   7.8626  6.4655
ngc4781   0.2750  40.5928   5.9563  7.2395
ngc4781   0.4250  50.0240   3.1562  5.9064
ngc4781   0.5750  52.3418   3.1750  4.4638
ngc4781   0.7250  65.1252   2.8260  2.7922
ngc4781   0.8750  77.8591   2.7856  4.4858
ngc4781   1.0250  85.1227   2.9053  3.0866
ngc4781   1.1750  89.5654   4.4010  2.3308
ngc4781   1.3250  97.0328   4.2158  4.1166
ngc4781   1.4750 100.8430   4.2447  5.0156
ngc4781   1.6250  98.8967   4.0462  4.7513
ngc4781   1.7750  97.8665   3.6681  2.7009
ngc4781   1.9250  98.5099   2.1566  2.3159
ngc4781   2.0750  98.7480   2.2948  2.6044
ngc4781   2.2250 100.7240   1.8139  2.1073
ngc4781   2.3750  99.8369   1.9212  1.3567
ngc4781   2.5250 101.6810   2.4357  1.6143
ngc4781   2.6750 102.0850   2.3254  1.5792
ngc4781   2.8250 102.1340   2.8123  1.6562
ngc4781   2.9750 103.5400   3.3065  1.8256
ngc4781   3.1250 105.9430   3.5880  2.3717
ngc4781   3.2750 109.0490   3.3203  3.3373
ngc4781   3.4250 110.0790   2.5410  3.5066
ngc4781   3.5750 112.0430   2.6184  2.7053
ngc4781   3.7250 111.5430   2.4035  2.1258
ngc4781   3.8750 114.0390   2.2866  2.3141
ngc4781   4.0250 114.0050   1.6969  1.6533
ngc4781   4.1750 111.2850   1.4330  1.5205
ngc4781   4.3250 108.8600   1.8370  1.5353
ngc4781   4.4750 109.3150   2.1915  1.2270
ngc4781   4.6250 111.3180   3.0961  1.3364
ngc4781   4.7750 112.6480   3.1458  3.0286
ngc4781   4.9250 116.5540   3.9582  4.0114
ngc4781   5.0750 119.6490   4.1875  4.0084
ngc4781   5.2250 122.5990   3.6810  4.3932
ngc4781   5.3750 123.3210   3.2442  4.2776
ngc4781   5.5250 125.6730   3.4204  3.2883
ngc4781   5.6750 125.3970   3.9073  3.8734
ngc4781   5.8250 124.6510   4.0435  3.6442
ngc4781   5.9750 128.2450   4.4830  5.1915
ngc4781   6.1250 135.3100   4.2953  7.0157
ngc4826   0.1250 148.2690   5.1598  7.9735
ngc4826   0.2750 174.7670   2.5629  3.2748
ngc4826   0.4250 184.7710   1.4943  1.5239
ngc4826   0.5750 176.4910   2.1853  2.1447
ngc4826   0.7250 172.5090   2.7140  1.4482
ngc4826   0.8750 175.2370   1.9774  2.9226
ngc4826   1.0250 190.9160   5.1000  3.2327
ngc4826   1.1750 184.0530   3.2506  2.8212
ngc4826   1.3250 194.9280   2.4566  3.1912
ngc4941   0.1250  64.7307  16.0185  9.8809
ngc4941   0.2750 159.1550  26.1896 24.4779
ngc4941   0.4250 183.0670  13.4732 21.2792
ngc4941   0.5750 149.5210   3.8828  3.4674
ngc4941   0.7250 139.6530   5.5124  4.7904
ngc4941   0.8750 120.9630   7.2647  4.7239
ngc4941   1.0250 103.2520   6.6803  4.9370
ngc4941   1.1750  89.6654   9.0351 11.5524
ngc4941   1.3250  84.4568   6.6898  2.7545
ngc4941   1.4750  92.0914   3.8636  2.7451
ngc4941   1.6250 100.9610   3.9250  3.2708
ngc4941   1.7750 109.5080   2.0113  2.8749
ngc4941   1.9250 117.6440   3.2012  1.9408
ngc4941   2.0750 127.1670   2.8592  2.3151
ngc4941   2.2250 135.8030   2.1545  2.1234
ngc4941   2.3750 144.0100   2.0699  2.0451
ngc4941   2.5250 149.3500   2.1351  2.3279
ngc4941   2.6750 153.8100   2.1475  2.1532
ngc4941   2.8250 156.6510   2.1225  2.0650
ngc4941   2.9750 159.3280   2.2016  1.8475
ngc4941   3.1250 162.3860   1.8772  1.7136
ngc4941   3.2750 164.3310   2.4939  1.8290
ngc4941   3.4250 167.9700   2.7120  2.0212
ngc4941   3.5750 171.9770   2.2122  2.0361
ngc4941   3.7250 174.5390   1.9904  2.0859
ngc4941   3.8750 176.2730   2.1238  1.9306
ngc4941   4.0250 178.4440   2.3553  2.1018
ngc4941   4.1750 180.4580   2.3371  2.1772
ngc4941   4.3250 180.8660   2.3594  1.7593
ngc4941   4.4750 180.8620   2.3220  1.4979
ngc4941   4.6250 179.9450   2.3904  1.5566
ngc4941   4.7750 180.3040   2.6296  1.7106
ngc4941   4.9250 180.9370   2.1283  1.8343
ngc4941   5.0750 181.3790   2.9506  1.9183
ngc4951   0.1250  44.2561   8.6009 17.3926
ngc4951   0.2750  60.1165  13.4457 15.3285
ngc4951   0.4250  65.6801   8.7047  7.2728
ngc4951   0.5750  73.0227   4.1077  5.9724
ngc4951   0.7250  88.6590   6.5324  9.2310
ngc4951   0.8750 103.5690   4.8881  4.9496
ngc4951   1.0250 111.7740   2.3873  3.1483
ngc4951   1.1750 116.3510   1.6932  2.5299
ngc4951   1.3250 114.3450   1.8485  1.8310
ngc4951   1.4750 119.5090   2.4422  1.5550
ngc4951   1.6250 118.9340   1.4809  2.0223
ngc4951   1.7750 119.6610   1.4627  1.4239
ngc4951   1.9250 120.4400   1.8708  1.0486
ngc4951   2.0750 122.9390   1.7510  1.6498
ngc4951   2.2250 126.4260   2.8013  1.9152
ngc4951   2.3750 129.8310   1.7086  2.5414
ngc4951   2.5250 128.8820   2.2013  3.0027
ngc4951   2.6750 125.1380   3.9770  5.5102
ngc4951   2.8250 122.6760   7.6092  6.0556
ngc4951   2.9750 121.4130   8.3253  4.1037
ngc4951   3.1250 121.6070   5.2390  3.5137
ngc4951   3.2750 123.9690   6.5373  2.7957
ngc5042   0.1250  48.0349  21.9964 11.7852
ngc5042   0.2750  66.8900  29.8364 13.5163
ngc5042   0.4250  82.6347  36.5499 10.6132
ngc5042   0.5750  90.2289  35.9833 13.9983
ngc5042   0.7250 101.4460  40.0414 10.6699
ngc5042   0.8750 104.0140  32.7257  8.8483
ngc5042   1.0250  99.4577  30.6024  5.3833
ngc5042   1.1750  97.9727  31.5173  4.8224
ngc5042   1.3250  99.6923  33.7396  4.9925
ngc5042   1.4750 101.9480  31.6398  8.5802
ngc5042   1.6250 102.3080  31.9424  8.1938
ngc5042   1.7750 103.1510  33.1189  7.3254
ngc5042   1.9250 104.5570  32.9252  6.1039
ngc5042   2.0750 105.3130  40.1044  6.9656
ngc5042   2.2250 105.8730  38.0256  6.4874
ngc5042   2.3750 107.6810  39.1565  5.3712
ngc5042   2.5250 107.6620  44.3614  5.6461
ngc5042   2.6750 108.8180  45.1130  8.1764
ngc5042   2.8250 111.4810  42.6229  7.7002
ngc5042   2.9750 109.7810  43.5482  8.3846
ngc5042   3.1250 114.6080  47.4099 11.7342
ngc5042   3.2750 120.9660  50.8054 11.2495
ngc5042   3.4250 122.4110  51.9724 12.6800
ngc5042   3.5750 127.0420  53.9047 13.1943
ngc5042   3.7250 134.0760  50.6255 15.2589
ngc5068   0.1250   6.2902   2.4023  2.7344
ngc5068   0.2750   3.1324   1.5113  0.7490
ngc5068   0.4250  -0.5519   0.1974  0.1370
ngc5068   0.5750   1.6271   2.2621  0.5455
ngc5068   0.7250   7.9215   3.7215  2.3446
ngc5068   0.8750   8.5655   6.9910  3.5501
ngc5068   1.0250  18.8244   6.8278  7.5737
ngc5068   1.1750  20.4345   7.6236  4.6032
ngc5068   1.3250  25.8487   8.8311  4.4340
ngc5068   1.4750  28.7041  10.4523  6.7303
ngc5068   1.6250  37.0033  11.0706  6.9488
ngc5068   1.7750  38.0285  13.0344  7.8610
ngc5068   1.9250  40.0445  13.0741  7.3492
ngc5068   2.0750  37.5520  12.3094  5.0628
ngc5134   0.1250   0.0604  20.7643 12.6160
ngc5134   0.2750  52.4703  19.8172 16.8530
ngc5134   0.4250  39.1721  24.9191 16.3905
ngc5134   0.5750  26.8731  28.5799 13.8127
ngc5134   0.7250  62.5923  20.3632 17.0234
ngc5134   0.8750  78.9790  22.5966 14.5502
ngc5134   1.0250  78.1434  24.8459 16.5108
ngc5134   1.1750  76.9237  30.6152 18.1113
ngc5134   1.3250  75.4536  22.2502 14.5870
ngc5134   1.4750  79.3751  30.6424 16.9040
ngc5134   1.6250  83.9883  28.6935 21.4681
ngc5134   1.7750  90.4537  31.7132 14.0674
ngc5134   1.9250  86.0080  36.0941 13.1888
ngc5134   2.0750  96.4354  32.3437 14.6007
ngc5134   2.2250  99.3947  32.1082 17.6467
ngc5134   2.3750  98.2014  31.7330 18.9272
ngc5134   2.5250  99.5037  37.6598 16.0048
ngc5134   2.6750 103.9060  36.9317 18.8428
ngc5134   2.8250 109.5600  43.4803 17.1758
ngc5134   2.9750 115.4840  46.7299 18.1231
ngc5134   3.1250 125.8090  40.6070 22.2367
ngc5134   3.2750 122.3170  37.9053 23.3579
ngc5134   3.4250 124.4040  37.5501 23.1421
ngc5134   3.5750 130.8150  43.8842 22.1816
ngc5134   3.7250 139.5270  49.6299 21.0225
ngc5134   3.8750 145.3980  53.5215 20.8365
ngc5134   4.0250 154.3680  51.3912 25.5415
ngc5134   4.1750 161.9880  55.1556 28.3717
ngc5134   4.3250 165.6640  54.6218 29.9543
ngc5134   4.4750 166.9540  55.9714 28.8342
ngc5248   0.1250 104.8200  34.2265 22.7188
ngc5248   0.2750 126.4370  40.1001 11.7725
ngc5248   0.4250 146.8070  42.2796 10.9249
ngc5248   0.5750 133.3460  43.0584  7.2967
ngc5248   0.7250 133.1080  40.2715  8.8894
ngc5248   0.8750 147.0120  43.5918 11.1846
ngc5248   1.0250 158.9870  50.3197 10.7343
ngc5248   1.1750 168.4980  57.6100 13.4520
ngc5248   1.3250 172.6640  57.2270 13.3306
ngc5248   1.4750 180.3560  54.0184 14.8432
ngc5248   1.6250 181.0100  38.3736 11.7666
ngc5248   1.7750 170.6370  26.6271  7.5507
ngc5248   1.9250 156.9620  26.1496  7.0681
ngc5248   2.0750 146.4140  30.8265  8.9475
ngc5248   2.2250 143.8740  40.6162  9.3473
ngc5248   2.3750 145.4740  42.4598  9.4391
ngc5248   2.5250 149.6940  46.4436  9.6354
ngc5248   2.6750 152.4430  52.4252 10.6476
ngc5248   2.8250 153.3920  49.3646 12.1846
ngc5248   2.9750 154.0410  47.0862 10.3070
ngc5248   3.1250 153.0740  46.9091 10.7500
ngc5248   3.2750 155.9940  49.2146 10.0361
ngc5248   3.4250 158.0140  51.3697 11.2315
ngc5248   3.5750 160.9430  51.5289 11.8623
ngc5248   3.7250 162.8140  45.4788 12.8120
ngc5248   3.8750 162.5860  45.4412 11.7230
ngc5248   4.0250 164.6970  44.3298 10.5884
ngc5248   4.1750 164.8030  47.6309 10.0202
ngc5248   4.3250 165.5780  52.8835 10.6039
ngc5248   4.4750 164.6870  49.2869 10.1634
ngc5248   4.6250 165.8040  49.4648  9.3518
ngc5248   4.7750 167.8610  56.7498 10.8133
ngc5248   4.9250 170.8250  63.4104 10.4408
ngc5248   5.0750 168.2540  64.6166  8.8527
ngc5248   5.2250 170.8520  62.5260  9.9523
ngc5248   5.3750 176.5350  62.7605  9.7226
ngc5248   5.5250 179.3040  63.6030  9.9802
ngc5248   5.6750 180.6780  63.5414 14.5079
ngc5248   5.8250 182.8590  60.9237 18.8118
ngc5530   0.1250  16.7663   3.1425  5.1481
ngc5530   0.2750  24.4438   1.7461  1.9695
ngc5530   0.4250  37.9239   4.4398  2.3133
ngc5530   0.5750  54.8593   2.0258  2.3793
ngc5530   0.7250  71.3017   1.9887  3.9379
ngc5530   0.8750  75.4245   1.1364  1.1679
ngc5530   1.0250  78.7685   1.2792  1.1731
ngc5530   1.1750  80.8704   1.8013  1.3598
ngc5530   1.3250  87.5899   1.1181  3.4804
ngc5530   1.4750  91.3844   1.7807  2.3192
ngc5530   1.6250  93.1628   1.0926  1.7295
ngc5530   1.7750  93.5222   1.0555  0.7771
ngc5530   1.9250  92.5729   1.4366  2.2805
ngc5530   2.0750  95.5241   1.0227  1.2917
ngc5530   2.2250  96.5943   1.7155  0.9640
ngc5530   2.3750  99.8009   1.5599  1.6442
ngc5530   2.5250 102.7840   1.5110  1.4938
ngc5530   2.6750 104.0490   1.7369  1.6912
ngc5530   2.8250 108.0170   1.3895  2.0109
ngc5530   2.9750 111.7170   1.9514  1.4497
ngc5530   3.1250 114.9230   1.9077  1.1474
ngc5530   3.2750 120.3790   2.0995  1.9677
ngc5530   3.4250 124.5690   2.8828  2.5744
ngc5530   3.5750 129.0610   1.8573  2.8514
ngc5530   3.7250 132.3700   1.5827  1.9804
ngc5530   3.8750 132.2470   1.0278  1.1566
ngc5530   4.0250 132.3850   1.1556  0.6413
ngc5530   4.1750 134.4970   1.9427  1.0903
ngc5530   4.3250 136.2230   1.9015  1.8820
ngc5530   4.4750 137.7670   2.5208  1.1983
ngc5530   4.6250 138.1810   2.3569  1.2391
ngc5530   4.7750 138.9640   1.5906  1.3269
ngc5643   0.1250  56.0055  26.9998 18.0077
ngc5643   0.2750  75.0565  17.2192 11.4557
ngc5643   0.4250 118.1840  29.6856 15.2931
ngc5643   0.5750 143.6680  32.2372 21.3381
ngc5643   0.7250 137.4010  30.6760 17.7036
ngc5643   0.8750 146.4280  31.2871 17.7208
ngc5643   1.0250 142.9180  36.3428 18.3164
ngc5643   1.1750 146.9460  33.1612 20.9452
ngc5643   1.3250 158.0910  26.6474 20.5192
ngc5643   1.4750 158.5320  28.1204 20.6084
ngc5643   1.6250 158.1430  35.5367 18.1352
ngc5643   1.7750 161.3150  39.5021 20.3343
ngc5643   1.9250 159.1500  34.7983 22.0489
ngc5643   2.0750 156.2440  35.1818 20.0863
ngc5643   2.2250 157.8660  35.4008 20.6273
ngc5643   2.3750 159.0550  38.5152 21.8056
ngc5643   2.5250 162.5440  37.0670 22.6896
ngc5643   2.6750 163.3200  36.9953 21.7164
ngc5643   2.8250 165.1230  38.2090 21.8412
ngc5643   2.9750 169.7160  40.3805 22.3919
ngc5643   3.1250 171.9320  41.0236 23.1474
ngc5643   3.2750 171.2900  36.7587 23.6232
ngc5643   3.4250 168.8480  35.5888 21.2566
ngc5643   3.5750 169.0150  37.9062 20.4646
ngc5643   3.7250 171.2650  38.2794 22.6222
ngc5643   3.8750 176.0220  39.0631 23.1985
ngc5643   4.0250 177.5970  40.2713 22.5158
ngc5643   4.1750 181.7740  41.2951 23.4107
ngc5643   4.3250 184.0260  40.8537 24.3068
ngc5643   4.4750 185.7760  39.7524 24.3019
ngc5643   4.6250 184.1740  42.7764 23.6545
ngc5643   4.7750 188.0630  44.7052 23.3906
ngc5643   4.9250 189.4560  40.3816 26.0069
ngc5643   5.0750 187.0030  42.3863 23.5263
ngc5643   5.2250 189.9330  41.2099 24.6095
ngc5643   5.3750 189.2450  41.2419 23.0174
ngc5643   5.5250 186.9970  38.3816 22.5275
ngc5643   5.6750 183.7570  39.3201 21.6689
ngc5643   5.8250 185.2680  38.9510 20.3428
ngc5643   5.9750 183.6660  36.0614 20.6711
ngc6300   0.1250 150.7190  20.3024 24.1485
ngc6300   0.2750 204.0950  17.9302 23.0642
ngc6300   0.4250 183.1250  14.4468 11.4504
ngc6300   0.5750 191.3520  20.9766 14.2931
ngc6300   0.7250 195.0930  17.3574 12.3220
ngc6300   0.8750 199.7930  15.8486  8.4997
ngc6300   1.0250 197.7270  15.9569 10.2490
ngc6300   1.1750 203.2650  13.3331 11.0408
ngc6300   1.3250 200.7730  14.3506  7.5288
ngc6300   1.4750 193.3540  11.5673  7.6851
ngc6300   1.6250 188.9570  10.2693  4.5973
ngc6300   1.7750 176.2730   9.2964  4.6093
ngc6300   1.9250 170.2620  13.8126  6.5396
ngc6300   2.0750 171.7490  14.1537 10.0372
ngc6300   2.2250 173.8770  14.4331  8.6458
ngc6300   2.3750 174.0840  14.0153  8.2883
ngc6300   2.5250 172.1860  13.4490  7.1596
ngc6300   2.6750 169.4740  12.2358  7.8993
ngc6300   2.8250 167.4910  12.1169  7.2423
ngc6300   2.9750 167.5840  11.0612  6.6770
ngc6300   3.1250 166.3740  11.0333  5.1553
ngc6300   3.2750 166.2120  12.2022  5.0446
ngc6300   3.4250 166.4290  13.6389  5.2867
ngc6300   3.5750 165.7530  15.3741  5.5840
ngc6300   3.7250 166.6990  18.1782  7.3364
ngc6300   3.8750 169.6900  18.5568  9.3865
ngc6300   4.0250 171.8340  16.4947 10.3039
ngc6300   4.1750 174.2500  14.9532 10.3414
ngc6300   4.3250 174.8150  13.3785  8.8178
ngc6300   4.4750 175.8590  15.4966  8.3083
ngc6300   4.6250 177.2030  16.6140  8.2238
ngc6300   4.7750 179.3710  16.6506  9.0326
ngc6300   4.9250 180.4040  17.1082  9.6620
ngc6300   5.0750 181.2830  19.1586  8.8036
ngc6300   5.2250 183.0050  19.6938  9.0999
ngc6300   5.3750 183.7610  20.4836  9.2153
ngc6300   5.5250 183.6230  22.0859 10.3584
ngc6300   5.6750 187.4890  22.2244 12.0418
ngc6300   5.8250 192.0270  21.4508 12.1474
ngc6300   5.9750 193.5900  21.9672 13.4908
ngc6300   6.1250 198.0430  22.4711 12.0073
ngc6300   6.2750 198.9390  20.2251 12.8013
ngc6300   6.4250 200.2810  19.1290 11.4635
ngc6744   3.8750 149.6240   4.3081  4.0200
ngc6744   4.0250 155.1040   4.4523  6.3160
ngc6744   4.1750 161.4190   4.5431  5.5010
ngc6744   4.3250 165.4410   4.7513  4.4230
ngc6744   4.4750 167.7960   3.7786  4.4972
ngc6744   4.6250 167.8770   3.9705  3.4156
ngc6744   4.7750 169.3740   4.2113  3.8602
ngc6744   4.9250 170.8090   4.4294  4.1413
ngc6744   5.0750 173.7230   4.2752  4.5676
ngc6744   5.2250 174.9550   3.4788  3.6000
ngc6744   5.3750 175.7280   4.1714  3.0372
ngc6744   5.5250 174.8820   3.4622  3.1620
ngc6744   5.6750 176.2380   3.2106  3.3764
ngc6744   5.8250 176.8480   3.0742  3.1436
ngc6744   5.9750 177.1920   3.8471  3.5494
ngc6744   6.1250 179.8910   4.6040  4.4508
ngc6744   6.2750 181.6320   4.1788  4.2446
ngc6744   6.4250 181.3910   5.1209  3.2084
ngc6744   6.5750 183.6140   4.5198  5.0966
ngc6744   6.7250 184.5200   4.7670  5.0245
ngc6744   6.8750 186.4860   5.2033  5.1988
ngc6744   7.0250 190.2680   5.0649  5.4244
ngc6744   7.1750 192.9130   5.2365  5.4300
ngc6744   7.3250 195.0520   3.7480  4.8686
ngc6744   7.4750 195.5510   2.8019  4.3340
ngc6744   7.6250 194.0980   3.0141  2.7441
ngc6744   7.7750 192.5510   3.7272  1.7723
ngc6744   7.9250 192.6980   3.0599  2.5225
ngc6744   8.0750 192.0530   2.8714  1.8506
ngc6744   8.2250 191.3980   2.7698  2.6544
ngc6744   8.3750 192.3290   2.9292  2.8760
ngc6744   8.5250 192.0810   3.2364  1.8156
ngc6744   8.6750 193.2130   3.2470  1.7455
ngc6744   8.8250 194.7540   1.4105  2.9324
ngc6744   9.1250 194.6230   3.8587  0.8411
ngc7456   0.1250  17.4773   2.3320  5.8786
ngc7456   0.2750  36.0022   2.8138  3.9100
ngc7456   0.4250  38.4880   0.7703  1.5053
ngc7456   0.5750  46.2882   1.3112  1.5721
ngc7456   0.7250  51.3201   1.0541  1.9776
ngc7456   0.8750  55.5519   1.5708  1.0329
ngc7456   1.0250  62.7353   2.1045  1.9579
ngc7456   1.1750  71.5212   2.0403  1.5023
ngc7456   1.3250  77.9027   1.7804  1.5638
ngc7456   1.4750  81.1832   1.8010  1.3411
ngc7456   1.6250  85.6656   1.7600  1.8036
ngc7456   1.7750  88.5443   1.3195  1.6625
ngc7456   1.9250  89.4411   1.2438  1.7742
ngc7456   2.0750  92.0770   1.5241  1.3747
ngc7456   2.2250  94.4249   1.7967  1.4111
ngc7456   2.3750  94.5950   1.7444  1.8822
ngc7496   0.1250  28.8813   4.3125  4.5976
ngc7496   0.2750  59.4115   3.9362  7.1390
ngc7496   0.4250  75.6968   5.3980 11.3213
ngc7496   0.5750  70.6183   7.5503  5.9792
ngc7496   0.7250  76.7460   4.5418  8.0285
ngc7496   0.8750  79.9867   5.0998  4.1897
ngc7496   1.0250  88.8821   6.0694  9.9597
ngc7496   1.1750  87.6977   8.2098  7.2946
ngc7496   1.3250  89.2943   3.6338  3.2337
ngc7496   1.4750  88.8592   2.0158  2.1740
ngc7496   1.6250  89.0191   2.4413  2.5316
ngc7496   1.7750  86.5629   3.6448  4.4984
ngc7496   1.9250  86.8859   3.1574  3.3982
ngc7496   2.0750  86.9795   2.2227  3.1689
ngc7496   2.2250  87.6218   2.0899  3.0223
ngc7496   2.3750  87.5522   3.0165  2.1891
ngc7496   2.5250  88.8287   2.6900  2.9054
ngc7496   2.6750  90.0976   2.5887  2.8426
ngc7496   2.8250  88.8084   2.0605  3.2258
ngc7496   2.9750  86.6688   2.8174  3.0182
ngc7496   3.1250  89.7968   2.4583  2.3045
ngc7496   3.2750  94.4931   2.5028  2.1872
ngc7496   3.4250  98.8626   2.7728  1.7864
ngc7496   3.5750 101.5430   2.2790  2.0341
ngc7496   3.7250 101.6240   2.3490  1.9395
ngc7496   3.8750 103.0870   2.3418  2.1084
ngc7496   4.0250 103.5340   2.6320  2.4615
ngc7496   4.1750 104.0250   3.0333  1.9045
ngc7496   4.3250 104.6430   2.0258  1.7180
ngc7496   4.4750 105.2330   2.3790  2.1558
ngc7496   4.6250 106.6300   2.7371  2.2853
ngc7496   4.7750 107.7860   3.5075  2.9794
ngc7496   4.9250 109.7990   2.8181  3.0057
ngc7496   5.0750 112.0840   2.9180  3.9856
ngc7496   5.2250 113.2730   5.0718  4.3680
ngc7496   5.3750 116.7550   4.3264  3.8350
ngc7496   5.5250 119.5140   4.6532  5.1665
ngc7496   5.6750 120.8880   5.5538  4.2982
ngc7496   5.8250 123.0350   4.3857  4.4223
ngc7496   5.9750 124.8670   5.1116  4.2818
ngc7496   6.1250 126.7960   3.9649  5.0214
